{"level":"info","message":"MongoDB connected: localhost:27017","service":"fenix-26-backend","timestamp":"2026-09-13 14:23:42"}
{"level":"info","message":"Initializing Google Sheets...","service":"fenix-26-backend","timestamp":"2026-09-13 14:23:42"}
{"level":"error","message":"Google Sheets initialization error: Missing required parameters: spreadsheetId","service":"fenix-26-backend","timestamp":"2026-09-13 14:23:42"}
{"level":"warn","message":"Google Sheets initialization skipped: Missing required parameters: spreadsheetId","service":"fenix-26-backend","timestamp":"2026-09-13 14:23:42"}
{"level":"info","message":"FENIX26 Backend running on port 5000 (development)","service":"fenix-26-backend","timestamp":"2026-09-13 14:23:42"}
{"level":"info","message":"MongoDB connected: localhost:27017","service":"fenix-26-backend","timestamp":"2026-09-13 14:23:45"}
{"level":"info","message":"Initializing Google Sheets...","service":"fenix-26-backend","timestamp":"2026-09-13 14:23:45"}
{"level":"error","message":"Google Sheets initialization error: Missing required parameters: spreadsheetId","service":"fenix-26-backend","timestamp":"2026-09-13 14:23:45"}
{"level":"warn","message":"Google Sheets initialization skipped: Missing required parameters: spreadsheetId","service":"fenix-26-backend","timestamp":"2026-09-13 14:23:45"}
{"level":"info","message":"FENIX26 Backend running on port 5000 (development)","service":"fenix-26-backend","timestamp":"2026-09-13 14:23:45"}
{"level":"info","message":"MongoDB connected: localhost:27017","service":"fenix-26-backend","timestamp":"2026-09-13 14:25:02"}
{"level":"info","message":"Initializing Google Sheets...","service":"fenix-26-backend","timestamp":"2026-09-13 14:25:02"}
{"level":"error","message":"Google Sheets initialization error: Missing required parameters: spreadsheetId","service":"fenix-26-backend","timestamp":"2026-09-13 14:25:02"}
{"level":"warn","message":"Google Sheets initialization skipped: Missing required parameters: spreadsheetId","service":"fenix-26-backend","timestamp":"2026-09-13 14:25:02"}
{"level":"info","message":"FENIX26 Backend running on port 5000 (development)","service":"fenix-26-backend","timestamp":"2026-09-13 14:25:02"}
{"level":"info","message":"MongoDB connected: localhost:27017","service":"fenix-26-backend","timestamp":"2026-09-13 14:26:50"}
{"level":"info","message":"Initializing Google Sheets...","service":"fenix-26-backend","timestamp":"2026-09-13 14:26:50"}
{"level":"error","message":"Google Sheets initialization error: Missing required parameters: spreadsheetId","service":"fenix-26-backend","timestamp":"2026-09-13 14:26:50"}
{"level":"warn","message":"Google Sheets initialization skipped: Missing required parameters: spreadsheetId","service":"fenix-26-backend","timestamp":"2026-09-13 14:26:50"}
{"level":"info","message":"FENIX26 Backend running on port 5000 (development)","service":"fenix-26-backend","timestamp":"2026-09-13 14:26:50"}
{"level":"info","message":"MongoDB connected: localhost:27017","service":"fenix-26-backend","timestamp":"2026-09-13 14:29:21"}
{"level":"info","message":"Initializing Google Sheets...","service":"fenix-26-backend","timestamp":"2026-09-13 14:29:21"}
{"level":"error","message":"Google Sheets initialization error: Missing required parameters: spreadsheetId","service":"fenix-26-backend","timestamp":"2026-09-13 14:29:21"}
{"level":"warn","message":"Google Sheets initialization skipped: Missing required parameters: spreadsheetId","service":"fenix-26-backend","timestamp":"2026-09-13 14:29:21"}
{"level":"info","message":"FENIX26 Backend running on port 5000 (development)","service":"fenix-26-backend","timestamp":"2026-09-13 14:29:22"}
{"level":"info","message":"SIGINT received. Shutting down gracefully...","service":"fenix-26-backend","timestamp":"2026-09-13 14:31:40"}
{"level":"info","message":"MongoDB connected: localhost:27017","service":"fenix-26-backend","timestamp":"2026-09-13 14:36:50"}
{"level":"info","message":"Initializing Google Sheets...","service":"fenix-26-backend","timestamp":"2026-09-13 14:36:50"}
{"level":"info","message":"Created \"Registrations\" sheet with headers","service":"fenix-26-backend","timestamp":"2026-09-13 14:36:52"}
{"level":"info","message":"FENIX26 Backend running on port 5000 (development)","service":"fenix-26-backend","timestamp":"2026-09-13 14:36:52"}
{"code":"CONFIG_MISSING","level":"error","message":"Error 503: Pricing configuration not found","method":"POST","path":"/api/registrations","service":"fenix-26-backend","stack":"Error: Pricing configuration not found\n    at createRegistration (file:///C:/Users/charl/web%20dev/fenix-26/backend/src/controllers/registrationController.js:26:13)\n    at process.processTicksAndRejections (node:internal/process/task_queues:104:5)","timestamp":"2026-09-13 14:38:43"}
{"level":"info","message":"MongoDB connected: localhost:27017","service":"fenix-26-backend","timestamp":"2026-09-13 14:38:46"}
{"level":"info","message":"Initializing Google Sheets...","service":"fenix-26-backend","timestamp":"2026-09-13 14:38:46"}
{"level":"error","message":"Google Sheets initialization error: Invalid requests[0].addSheet: A sheet with the name \"Registrations\" already exists. Please enter another name.","service":"fenix-26-backend","timestamp":"2026-09-13 14:38:47"}
{"level":"warn","message":"Google Sheets initialization skipped: Invalid requests[0].addSheet: A sheet with the name \"Registrations\" already exists. Please enter another name.","service":"fenix-26-backend","timestamp":"2026-09-13 14:38:47"}
{"level":"info","message":"FENIX26 Backend running on port 5000 (development)","service":"fenix-26-backend","timestamp":"2026-09-13 14:38:47"}
{"level":"info","message":"SIGINT received. Shutting down gracefully...","service":"fenix-26-backend","timestamp":"2026-09-13 14:41:31"}
{"level":"info","message":"MongoDB connected: localhost:27017","service":"fenix-26-backend","timestamp":"2026-09-13 14:41:37"}
{"level":"info","message":"Initializing Google Sheets...","service":"fenix-26-backend","timestamp":"2026-09-13 14:41:37"}
{"level":"error","message":"Google Sheets initialization error: Invalid requests[0].addSheet: A sheet with the name \"Registrations\" already exists. Please enter another name.","service":"fenix-26-backend","timestamp":"2026-09-13 14:41:38"}
{"level":"warn","message":"Google Sheets initialization skipped: Invalid requests[0].addSheet: A sheet with the name \"Registrations\" already exists. Please enter another name.","service":"fenix-26-backend","timestamp":"2026-09-13 14:41:38"}
{"level":"info","message":"FENIX26 Backend running on port 5000 (development)","service":"fenix-26-backend","timestamp":"2026-09-13 14:41:38"}
{"level":"info","message":"MongoDB connected: localhost:27017","service":"fenix-26-backend","timestamp":"2026-09-13 14:42:16"}
{"level":"info","message":"Initializing Google Sheets...","service":"fenix-26-backend","timestamp":"2026-09-13 14:42:16"}
{"level":"info","message":"MongoDB connected: localhost:27017","service":"fenix-26-backend","timestamp":"2026-09-13 14:44:21"}
{"level":"info","message":"Initializing Google Sheets...","service":"fenix-26-backend","timestamp":"2026-09-13 14:44:21"}
{"level":"error","message":"Google Sheets initialization error: Invalid requests[0].addSheet: A sheet with the name \"Registrations\" already exists. Please enter another name.","service":"fenix-26-backend","timestamp":"2026-09-13 14:44:22"}
{"level":"warn","message":"Google Sheets initialization skipped: Invalid requests[0].addSheet: A sheet with the name \"Registrations\" already exists. Please enter another name.","service":"fenix-26-backend","timestamp":"2026-09-13 14:44:22"}
{"level":"info","message":"FENIX26 Backend running on port 5000 (development)","service":"fenix-26-backend","timestamp":"2026-09-13 14:44:22"}
{"level":"info","message":"MongoDB connected: localhost:27017","service":"fenix-26-backend","timestamp":"2026-09-13 14:45:13"}
{"level":"info","message":"Initializing Google Sheets...","service":"fenix-26-backend","timestamp":"2026-09-13 14:45:13"}
{"level":"info","message":"\"Registrations\" sheet already exists","service":"fenix-26-backend","timestamp":"2026-09-13 14:45:14"}
{"level":"info","message":"FENIX26 Backend running on port 5000 (development)","service":"fenix-26-backend","timestamp":"2026-09-13 14:45:14"}
{"level":"info","message":"MongoDB connected: localhost:27017","service":"fenix-26-backend","timestamp":"2026-09-13 14:45:50"}
{"level":"info","message":"Initializing Google Sheets...","service":"fenix-26-backend","timestamp":"2026-09-13 14:45:50"}
{"level":"info","message":"\"Registrations\" sheet already exists","service":"fenix-26-backend","timestamp":"2026-09-13 14:45:51"}
{"level":"info","message":"FENIX26 Backend running on port 5000 (development)","service":"fenix-26-backend","timestamp":"2026-09-13 14:45:51"}
{"level":"info","message":"MongoDB connected: localhost:27017","service":"fenix-26-backend","timestamp":"2026-09-13 14:47:48"}
{"level":"info","message":"Initializing Google Sheets...","service":"fenix-26-backend","timestamp":"2026-09-13 14:47:48"}
{"level":"info","message":"\"Registrations\" sheet already exists","service":"fenix-26-backend","timestamp":"2026-09-13 14:47:49"}
{"level":"info","message":"FENIX26 Backend running on port 5000 (development)","service":"fenix-26-backend","timestamp":"2026-09-13 14:47:49"}
{"level":"info","message":"MongoDB connected: localhost:27017","service":"fenix-26-backend","timestamp":"2026-09-13 14:54:35"}
{"level":"info","message":"Initializing Google Sheets...","service":"fenix-26-backend","timestamp":"2026-09-13 14:54:35"}
{"level":"info","message":"\"Registrations\" sheet already exists","service":"fenix-26-backend","timestamp":"2026-09-13 14:54:37"}
{"level":"info","message":"FENIX26 Backend running on port 5000 (development)","service":"fenix-26-backend","timestamp":"2026-09-13 14:54:37"}
{"level":"warn","message":"Validation failed: Participants should not be provided for Individual registration, Event pricing not configured","service":"fenix-26-backend","timestamp":"2026-09-13 14:55:11"}
{"level":"info","message":"MongoDB connected: localhost:27017","service":"fenix-26-backend","timestamp":"2026-09-13 15:06:36"}
{"level":"info","message":"Initializing Google Sheets...","service":"fenix-26-backend","timestamp":"2026-09-13 15:06:36"}
{"level":"info","message":"\"Registrations\" sheet already exists","service":"fenix-26-backend","timestamp":"2026-09-13 15:06:38"}
{"level":"info","message":"FENIX26 Backend running on port 5000 (development)","service":"fenix-26-backend","timestamp":"2026-09-13 15:06:38"}
{"level":"info","message":"MongoDB connected: localhost:27017","service":"fenix-26-backend","timestamp":"2026-09-13 15:07:06"}
{"level":"info","message":"Initializing Google Sheets...","service":"fenix-26-backend","timestamp":"2026-09-13 15:07:06"}
{"level":"info","message":"\"Registrations\" sheet already exists","service":"fenix-26-backend","timestamp":"2026-09-13 15:07:08"}
{"level":"info","message":"FENIX26 Backend running on port 5000 (development)","service":"fenix-26-backend","timestamp":"2026-09-13 15:07:08"}
{"level":"info","message":"MongoDB connected: localhost:27017","service":"fenix-26-backend","timestamp":"2026-09-13 15:07:10"}
{"level":"info","message":"Initializing Google Sheets...","service":"fenix-26-backend","timestamp":"2026-09-13 15:07:10"}
{"level":"info","message":"\"Registrations\" sheet already exists","service":"fenix-26-backend","timestamp":"2026-09-13 15:07:11"}
{"level":"info","message":"FENIX26 Backend running on port 5000 (development)","service":"fenix-26-backend","timestamp":"2026-09-13 15:07:11"}
{"level":"info","message":"MongoDB connected: localhost:27017","service":"fenix-26-backend","timestamp":"2026-09-13 15:07:17"}
{"level":"info","message":"Initializing Google Sheets...","service":"fenix-26-backend","timestamp":"2026-09-13 15:07:17"}
{"level":"info","message":"\"Registrations\" sheet already exists","service":"fenix-26-backend","timestamp":"2026-09-13 15:07:19"}
{"level":"info","message":"FENIX26 Backend running on port 5000 (development)","service":"fenix-26-backend","timestamp":"2026-09-13 15:07:19"}
{"level":"info","message":"MongoDB connected: localhost:27017","service":"fenix-26-backend","timestamp":"2026-09-13 15:07:42"}
{"level":"info","message":"Initializing Google Sheets...","service":"fenix-26-backend","timestamp":"2026-09-13 15:07:42"}
{"level":"info","message":"\"Registrations\" sheet already exists","service":"fenix-26-backend","timestamp":"2026-09-13 15:07:43"}
{"level":"info","message":"FENIX26 Backend running on port 5000 (development)","service":"fenix-26-backend","timestamp":"2026-09-13 15:07:43"}
{"level":"info","message":"MongoDB connected: localhost:27017","service":"fenix-26-backend","timestamp":"2026-09-13 15:07:46"}
{"level":"info","message":"Initializing Google Sheets...","service":"fenix-26-backend","timestamp":"2026-09-13 15:07:46"}
{"level":"info","message":"\"Registrations\" sheet already exists","service":"fenix-26-backend","timestamp":"2026-09-13 15:07:47"}
{"level":"info","message":"FENIX26 Backend running on port 5000 (development)","service":"fenix-26-backend","timestamp":"2026-09-13 15:07:47"}
{"level":"info","message":"MongoDB connected: localhost:27017","service":"fenix-26-backend","timestamp":"2026-09-13 15:13:49"}
{"level":"warn","message":"Validation failed: Participants should not be provided for Individual registration, Event pricing not configured","service":"fenix-26-backend","timestamp":"2026-09-13 15:19:47"}
{"level":"warn","message":"Validation failed: Event pricing not configured","service":"fenix-26-backend","timestamp":"2026-09-13 15:23:12"}
{"level":"info","message":"MongoDB connected: localhost:27017","service":"fenix-26-backend","timestamp":"2026-09-13 15:24:36"}
{"level":"info","message":"Initializing Google Sheets...","service":"fenix-26-backend","timestamp":"2026-09-13 15:24:36"}
{"level":"info","message":"\"Registrations\" sheet already exists","service":"fenix-26-backend","timestamp":"2026-09-13 15:24:38"}
{"level":"info","message":"FENIX26 Backend running on port 5000 (development)","service":"fenix-26-backend","timestamp":"2026-09-13 15:24:38"}
{"level":"info","message":"MongoDB connected: localhost:27017","service":"fenix-26-backend","timestamp":"2026-09-13 15:26:06"}
{"level":"info","message":"Initializing Google Sheets...","service":"fenix-26-backend","timestamp":"2026-09-13 15:26:06"}
{"level":"info","message":"\"Registrations\" sheet already exists","service":"fenix-26-backend","timestamp":"2026-09-13 15:26:07"}
{"level":"info","message":"FENIX26 Backend running on port 5000 (development)","service":"fenix-26-backend","timestamp":"2026-09-13 15:26:07"}
{"code":"INTERNAL_ERROR","level":"error","message":"Error 500: Internal server error","method":"POST","path":"/api/registrations","service":"fenix-26-backend","stack":"ValidationError: Registration validation failed: registrationId: Path `registrationId` is required.\n    at Document.invalidate (C:\\Users\\charl\\web dev\\fenix-26\\backend\\node_modules\\mongoose\\lib\\document.js:3387:32)\n    at C:\\Users\\charl\\web dev\\fenix-26\\backend\\node_modules\\mongoose\\lib\\document.js:3148:17\n    at C:\\Users\\charl\\web dev\\fenix-26\\backend\\node_modules\\mongoose\\lib\\schemaType.js:1443:9\n    at process.processTicksAndRejections (node:internal/process/task_queues:85:11)","timestamp":"2026-09-13 15:27:35"}
{"level":"info","message":"MongoDB connected: localhost:27017","service":"fenix-26-backend","timestamp":"2026-09-13 15:36:08"}
{"level":"info","message":"Initializing Google Sheets...","service":"fenix-26-backend","timestamp":"2026-09-13 15:36:08"}
{"level":"info","message":"\"Registrations\" sheet already exists","service":"fenix-26-backend","timestamp":"2026-09-13 15:36:10"}
{"level":"info","message":"FENIX26 Backend running on port 5000 (development)","service":"fenix-26-backend","timestamp":"2026-09-13 15:36:10"}
{"level":"info","message":"Registration created: F26-2026-000001","service":"fenix-26-backend","timestamp":"2026-09-13 15:37:41"}
{"level":"info","message":"Registration F26-2026-000001 added to Google Sheets","service":"fenix-26-backend","timestamp":"2026-09-13 15:37:41"}
{"level":"info","message":"SMTP server ready for messages","service":"fenix-26-backend","timestamp":"2026-09-13 15:37:44"}
{"level":"info","message":"Email sent to team@example.com: <6236d632-b15f-0911-736c-11e8482a0800@gmail.com>","service":"fenix-26-backend","timestamp":"2026-09-13 15:37:45"}
{"level":"info","message":"Confirmation email sent to team@example.com","service":"fenix-26-backend","timestamp":"2026-09-13 15:37:45"}
{"level":"info","message":"SIGINT received. Shutting down gracefully...","service":"fenix-26-backend","timestamp":"2026-09-13 15:44:14"}
{"level":"info","message":"MongoDB connected: localhost:27017","service":"fenix-26-backend","timestamp":"2026-09-13 15:44:18"}
{"level":"info","message":"Initializing Google Sheets...","service":"fenix-26-backend","timestamp":"2026-09-13 15:44:18"}
{"level":"info","message":"\"Registrations\" sheet already exists","service":"fenix-26-backend","timestamp":"2026-09-13 15:44:20"}
{"level":"info","message":"FENIX26 Backend running on port 5000 (development)","service":"fenix-26-backend","timestamp":"2026-09-13 15:44:20"}
{"level":"info","message":"SIGINT received. Shutting down gracefully...","service":"fenix-26-backend","timestamp":"2026-09-13 15:46:49"}
{"level":"info","message":"MongoDB connected: localhost:27017","service":"fenix-26-backend","timestamp":"2026-09-13 15:46:53"}
{"level":"info","message":"Initializing Google Sheets...","service":"fenix-26-backend","timestamp":"2026-09-13 15:46:53"}
{"level":"info","message":"\"Registrations\" sheet already exists","service":"fenix-26-backend","timestamp":"2026-09-13 15:46:54"}
{"level":"info","message":"FENIX26 Backend running on port 5000 (development)","service":"fenix-26-backend","timestamp":"2026-09-13 15:46:54"}
{"level":"info","message":"MongoDB connected: localhost:27017","service":"fenix-26-backend","timestamp":"2026-09-13 15:53:42"}
{"level":"info","message":"Initializing Google Sheets...","service":"fenix-26-backend","timestamp":"2026-09-13 15:53:43"}
{"level":"info","message":"\"Registrations\" sheet already exists","service":"fenix-26-backend","timestamp":"2026-09-13 15:53:44"}
{"level":"info","message":"FENIX26 Backend running on port 5000 (development)","service":"fenix-26-backend","timestamp":"2026-09-13 15:53:44"}
{"level":"info","message":"SIGINT received. Shutting down gracefully...","service":"fenix-26-backend","timestamp":"2026-09-13 15:57:50"}
{"level":"info","message":"MongoDB connected: localhost:27017","service":"fenix-26-backend","timestamp":"2026-09-13 15:57:57"}
{"level":"info","message":"Initializing Google Sheets...","service":"fenix-26-backend","timestamp":"2026-09-13 15:57:57"}
{"level":"info","message":"\"Registrations\" sheet already exists","service":"fenix-26-backend","timestamp":"2026-09-13 15:57:59"}
{"level":"info","message":"FENIX26 Backend running on port 5000 (development)","service":"fenix-26-backend","timestamp":"2026-09-13 15:57:59"}
{"level":"info","message":"MongoDB connected: localhost:27017","service":"fenix-26-backend","timestamp":"2026-09-13 15:59:01"}
{"level":"info","message":"Initializing Google Sheets...","service":"fenix-26-backend","timestamp":"2026-09-13 15:59:01"}
{"level":"info","message":"\"Registrations\" sheet already exists","service":"fenix-26-backend","timestamp":"2026-09-13 15:59:03"}
{"level":"info","message":"FENIX26 Backend running on port 5000 (development)","service":"fenix-26-backend","timestamp":"2026-09-13 15:59:03"}
{"level":"info","message":"MongoDB connected: localhost:27017","service":"fenix-26-backend","timestamp":"2026-09-13 16:03:50"}
{"level":"info","message":"Initializing Google Sheets...","service":"fenix-26-backend","timestamp":"2026-09-13 16:03:50"}
{"level":"info","message":"\"Registrations\" sheet already exists","service":"fenix-26-backend","timestamp":"2026-09-13 16:03:52"}
{"level":"info","message":"FENIX26 Backend running on port 5000 (development)","service":"fenix-26-backend","timestamp":"2026-09-13 16:03:52"}
{"level":"info","message":"MongoDB connected: localhost:27017","service":"fenix-26-backend","timestamp":"2026-09-13 16:03:59"}
{"code":"NO_FILE","level":"error","message":"Error 400: No screenshot file uploaded","method":"POST","path":"/api/registrations/F26-2026-000001/payment-screenshot","service":"fenix-26-backend","stack":"Error: No screenshot file uploaded\n    at uploadPaymentScreenshot (file:///C:/Users/charl/web%20dev/fenix-26/backend/src/controllers/registrationController.js:130:13)\n    at Layer.handle [as handle_request] (C:\\Users\\charl\\web dev\\fenix-26\\backend\\node_modules\\express\\lib\\router\\layer.js:95:5)\n    at next (C:\\Users\\charl\\web dev\\fenix-26\\backend\\node_modules\\express\\lib\\router\\route.js:149:13)\n    at Layer.handle [as handle_request] (C:\\Users\\charl\\web dev\\fenix-26\\backend\\node_modules\\express\\lib\\router\\layer.js:91:12)\n    at next (C:\\Users\\charl\\web dev\\fenix-26\\backend\\node_modules\\express\\lib\\router\\route.js:149:13)\n    at multerMiddleware (C:\\Users\\charl\\web dev\\fenix-26\\backend\\node_modules\\multer\\lib\\make-middleware.js:13:41)\n    at Layer.handle [as handle_request] (C:\\Users\\charl\\web dev\\fenix-26\\backend\\node_modules\\express\\lib\\router\\layer.js:95:5)\n    at next (C:\\Users\\charl\\web dev\\fenix-26\\backend\\node_modules\\express\\lib\\router\\route.js:149:13)\n    at validate (file:///C:/Users/charl/web%20dev/fenix-26/backend/src/middleware/validation.js:17:3)\n    at Layer.handle [as handle_request] (C:\\Users\\charl\\web dev\\fenix-26\\backend\\node_modules\\express\\lib\\router\\layer.js:95:5)","timestamp":"2026-09-13 16:04:40"}
{"level":"info","message":"MongoDB connected: localhost:27017","service":"fenix-26-backend","timestamp":"2026-09-13 16:06:16"}
{"level":"info","message":"Initializing Google Sheets...","service":"fenix-26-backend","timestamp":"2026-09-13 16:06:16"}
{"level":"info","message":"\"Registrations\" sheet already exists","service":"fenix-26-backend","timestamp":"2026-09-13 16:06:18"}
{"level":"info","message":"MongoDB connected: localhost:27017","service":"fenix-26-backend","timestamp":"2026-09-13 16:10:06"}
{"level":"info","message":"Initializing Google Sheets...","service":"fenix-26-backend","timestamp":"2026-09-13 16:10:06"}
{"level":"info","message":"\"Registrations\" sheet already exists","service":"fenix-26-backend","timestamp":"2026-09-13 16:10:08"}
{"level":"info","message":"FENIX26 Backend running on port 5000 (development)","service":"fenix-26-backend","timestamp":"2026-09-13 16:10:08"}
{"level":"info","message":"MongoDB connected: localhost:27017","service":"fenix-26-backend","timestamp":"2026-09-13 16:10:27"}
{"level":"info","message":"Initializing Google Sheets...","service":"fenix-26-backend","timestamp":"2026-09-13 16:10:27"}
{"level":"info","message":"\"Registrations\" sheet already exists","service":"fenix-26-backend","timestamp":"2026-09-13 16:10:28"}
{"level":"info","message":"MongoDB connected: localhost:27017","service":"fenix-26-backend","timestamp":"2026-09-13 16:11:58"}
{"level":"info","message":"Initializing Google Sheets...","service":"fenix-26-backend","timestamp":"2026-09-13 16:11:58"}
{"level":"info","message":"\"Registrations\" sheet already exists","service":"fenix-26-backend","timestamp":"2026-09-13 16:11:59"}
{"level":"info","message":"FENIX26 Backend running on port 5000 (development)","service":"fenix-26-backend","timestamp":"2026-09-13 16:11:59"}
{"code":"NO_FILE","level":"error","message":"Error 400: No screenshot file uploaded","method":"POST","path":"/api/registrations/F26-2026-000001/payment-screenshot","service":"fenix-26-backend","stack":"Error: No screenshot file uploaded\n    at uploadPaymentScreenshot (file:///C:/Users/charl/web%20dev/fenix-26/backend/src/controllers/registrationController.js:130:13)\n    at Layer.handle [as handle_request] (C:\\Users\\charl\\web dev\\fenix-26\\backend\\node_modules\\express\\lib\\router\\layer.js:95:5)\n    at next (C:\\Users\\charl\\web dev\\fenix-26\\backend\\node_modules\\express\\lib\\router\\route.js:149:13)\n    at Layer.handle [as handle_request] (C:\\Users\\charl\\web dev\\fenix-26\\backend\\node_modules\\express\\lib\\router\\layer.js:91:12)\n    at next (C:\\Users\\charl\\web dev\\fenix-26\\backend\\node_modules\\express\\lib\\router\\route.js:149:13)\n    at done (C:\\Users\\charl\\web dev\\fenix-26\\backend\\node_modules\\multer\\lib\\make-middleware.js:47:7)\n    at indicateDone (C:\\Users\\charl\\web dev\\fenix-26\\backend\\node_modules\\multer\\lib\\make-middleware.js:51:68)\n    at Multipart.<anonymous> (C:\\Users\\charl\\web dev\\fenix-26\\backend\\node_modules\\multer\\lib\\make-middleware.js:168:7)\n    at Multipart.emit (node:events:508:28)\n    at emitCloseNT (node:internal/streams/destroy:148:10)","timestamp":"2026-09-13 16:12:15"}
{"level":"error","message":"Google Drive upload error: part.body.pipe is not a function","service":"fenix-26-backend","timestamp":"2026-09-13 16:12:28"}
{"code":"INTERNAL_ERROR","level":"error","message":"Error 500: Internal server error","method":"POST","path":"/api/registrations/F26-2026-000001/payment-screenshot","service":"fenix-26-backend","stack":"Error: Failed to upload screenshot to Google Drive\n    at uploadScreenshot (file:///C:/Users/charl/web%20dev/fenix-26/backend/src/services/googleDriveService.js:47:11)\n    at process.processTicksAndRejections (node:internal/process/task_queues:104:5)\n    at async uploadPaymentScreenshot (file:///C:/Users/charl/web%20dev/fenix-26/backend/src/controllers/registrationController.js:133:25)","timestamp":"2026-09-13 16:12:28"}
{"level":"info","message":"MongoDB connected: localhost:27017","service":"fenix-26-backend","timestamp":"2026-09-13 16:13:16"}
{"level":"info","message":"Initializing Google Sheets...","service":"fenix-26-backend","timestamp":"2026-09-13 16:13:16"}
{"level":"info","message":"MongoDB connected: localhost:27017","service":"fenix-26-backend","timestamp":"2026-09-13 16:13:17"}
{"level":"info","message":"Initializing Google Sheets...","service":"fenix-26-backend","timestamp":"2026-09-13 16:13:17"}
{"level":"info","message":"\"Registrations\" sheet already exists","service":"fenix-26-backend","timestamp":"2026-09-13 16:13:17"}
{"level":"info","message":"FENIX26 Backend running on port 5000 (development)","service":"fenix-26-backend","timestamp":"2026-09-13 16:13:17"}
{"level":"info","message":"\"Registrations\" sheet already exists","service":"fenix-26-backend","timestamp":"2026-09-13 16:13:18"}
{"level":"info","message":"MongoDB connected: localhost:27017","service":"fenix-26-backend","timestamp":"2026-09-13 16:14:42"}
{"level":"info","message":"MongoDB connected: localhost:27017","service":"fenix-26-backend","timestamp":"2026-09-13 16:14:42"}
{"level":"info","message":"Initializing Google Sheets...","service":"fenix-26-backend","timestamp":"2026-09-13 16:14:42"}
{"level":"info","message":"Initializing Google Sheets...","service":"fenix-26-backend","timestamp":"2026-09-13 16:14:42"}
{"level":"info","message":"\"Registrations\" sheet already exists","service":"fenix-26-backend","timestamp":"2026-09-13 16:14:43"}
{"level":"info","message":"\"Registrations\" sheet already exists","service":"fenix-26-backend","timestamp":"2026-09-13 16:14:43"}
{"level":"info","message":"FENIX26 Backend running on port 5000 (development)","service":"fenix-26-backend","timestamp":"2026-09-13 16:14:43"}
{"level":"info","message":"MongoDB connected: localhost:27017","service":"fenix-26-backend","timestamp":"2026-09-13 16:16:09"}
{"level":"info","message":"Initializing Google Sheets...","service":"fenix-26-backend","timestamp":"2026-09-13 16:16:09"}
{"level":"info","message":"\"Registrations\" sheet already exists","service":"fenix-26-backend","timestamp":"2026-09-13 16:16:10"}
{"level":"info","message":"MongoDB connected: localhost:27017","service":"fenix-26-backend","timestamp":"2026-09-13 16:19:22"}
{"level":"info","message":"Initializing Google Sheets...","service":"fenix-26-backend","timestamp":"2026-09-13 16:19:22"}
{"level":"info","message":"\"Registrations\" sheet already exists","service":"fenix-26-backend","timestamp":"2026-09-13 16:19:23"}
{"level":"info","message":"FENIX26 Backend running on port 5000 (development)","service":"fenix-26-backend","timestamp":"2026-09-13 16:19:23"}
{"level":"error","message":"Google Drive upload error: part.body.pipe is not a function","service":"fenix-26-backend","timestamp":"2026-09-13 16:19:31"}
{"code":"INTERNAL_ERROR","level":"error","message":"Error 500: Internal server error","method":"POST","path":"/api/registrations/F26-2026-000001/payment-screenshot","service":"fenix-26-backend","stack":"Error: Failed to upload screenshot to Google Drive\n    at uploadScreenshot (file:///C:/Users/charl/web%20dev/fenix-26/backend/src/services/googleDriveService.js:47:21)\n    at process.processTicksAndRejections (node:internal/process/task_queues:104:5)\n    at async uploadPaymentScreenshot (file:///C:/Users/charl/web%20dev/fenix-26/backend/src/controllers/registrationController.js:133:25)","timestamp":"2026-09-13 16:19:31"}
{"level":"error","message":"Google Drive upload error: part.body.pipe is not a function","service":"fenix-26-backend","timestamp":"2026-09-13 16:19:49"}
{"code":"INTERNAL_ERROR","level":"error","message":"Error 500: Internal server error","method":"POST","path":"/api/registrations/F26-2026-000001/payment-screenshot","service":"fenix-26-backend","stack":"Error: Failed to upload screenshot to Google Drive\n    at uploadScreenshot (file:///C:/Users/charl/web%20dev/fenix-26/backend/src/services/googleDriveService.js:47:21)\n    at process.processTicksAndRejections (node:internal/process/task_queues:104:5)\n    at async uploadPaymentScreenshot (file:///C:/Users/charl/web%20dev/fenix-26/backend/src/controllers/registrationController.js:133:25)","timestamp":"2026-09-13 16:19:49"}
{"level":"info","message":"SIGINT received. Shutting down gracefully...","service":"fenix-26-backend","timestamp":"2026-09-13 16:22:06"}
{"level":"info","message":"MongoDB connected: localhost:27017","service":"fenix-26-backend","timestamp":"2026-09-13 16:29:37"}
{"level":"info","message":"Initializing Google Sheets...","service":"fenix-26-backend","timestamp":"2026-09-13 16:29:37"}
{"level":"info","message":"\"Registrations\" sheet already exists","service":"fenix-26-backend","timestamp":"2026-09-13 16:29:39"}
{"level":"info","message":"FENIX26 Backend running on port 5000 (development)","service":"fenix-26-backend","timestamp":"2026-09-13 16:29:39"}
{"level":"info","message":"MongoDB connected: localhost:27017","service":"fenix-26-backend","timestamp":"2026-09-13 16:30:49"}
{"level":"info","message":"Initializing Google Sheets...","service":"fenix-26-backend","timestamp":"2026-09-13 16:30:49"}
{"level":"info","message":"\"Registrations\" sheet already exists","service":"fenix-26-backend","timestamp":"2026-09-13 16:30:51"}
{"level":"info","message":"FENIX26 Backend running on port 5000 (development)","service":"fenix-26-backend","timestamp":"2026-09-13 16:30:51"}
{"level":"info","message":"MongoDB connected: localhost:27017","service":"fenix-26-backend","timestamp":"2026-09-13 16:31:12"}
{"level":"info","message":"Initializing Google Sheets...","service":"fenix-26-backend","timestamp":"2026-09-13 16:31:12"}
{"level":"info","message":"\"Registrations\" sheet already exists","service":"fenix-26-backend","timestamp":"2026-09-13 16:31:14"}
{"level":"info","message":"MongoDB connected: localhost:27017","service":"fenix-26-backend","timestamp":"2026-09-13 16:31:54"}
{"level":"info","message":"Initializing Google Sheets...","service":"fenix-26-backend","timestamp":"2026-09-13 16:31:54"}
{"level":"info","message":"\"Registrations\" sheet already exists","service":"fenix-26-backend","timestamp":"2026-09-13 16:31:56"}
{"level":"info","message":"FENIX26 Backend running on port 5000 (development)","service":"fenix-26-backend","timestamp":"2026-09-13 16:31:56"}
{"level":"error","message":"Google Drive upload error: Service Accounts do not have storage quota. Leverage shared drives (https://developers.google.com/workspace/drive/api/guides/about-shareddrives), or use OAuth delegation (http://support.google.com/a/answer/7281227) instead.","service":"fenix-26-backend","timestamp":"2026-09-13 16:32:16"}
{"code":"INTERNAL_ERROR","level":"error","message":"Error 500: Internal server error","method":"POST","path":"/api/registrations/F26-2026-000001/payment-screenshot","service":"fenix-26-backend","stack":"Error: Failed to upload screenshot to Google Drive\n    at uploadScreenshot (file:///C:/Users/charl/web%20dev/fenix-26/backend/src/services/googleDriveService.js:52:21)\n    at process.processTicksAndRejections (node:internal/process/task_queues:104:5)\n    at async uploadPaymentScreenshot (file:///C:/Users/charl/web%20dev/fenix-26/backend/src/controllers/registrationController.js:133:25)","timestamp":"2026-09-13 16:32:16"}
{"level":"info","message":"MongoDB connected: localhost:27017","service":"fenix-26-backend","timestamp":"2026-09-13 16:39:12"}
{"level":"info","message":"MongoDB connected: localhost:27017","service":"fenix-26-backend","timestamp":"2026-09-13 16:39:12"}
{"level":"info","message":"Initializing Google Sheets...","service":"fenix-26-backend","timestamp":"2026-09-13 16:39:12"}
{"level":"info","message":"Initializing Google Sheets...","service":"fenix-26-backend","timestamp":"2026-09-13 16:39:12"}
{"level":"info","message":"\"Registrations\" sheet already exists","service":"fenix-26-backend","timestamp":"2026-09-13 16:39:14"}
{"level":"info","message":"\"Registrations\" sheet already exists","service":"fenix-26-backend","timestamp":"2026-09-13 16:39:14"}
{"level":"info","message":"FENIX26 Backend running on port 5000 (development)","service":"fenix-26-backend","timestamp":"2026-09-13 16:39:14"}
{"level":"info","message":"MongoDB connected: localhost:27017","service":"fenix-26-backend","timestamp":"2026-09-13 16:42:24"}
{"level":"info","message":"MongoDB connected: localhost:27017","service":"fenix-26-backend","timestamp":"2026-09-13 16:42:24"}
{"level":"info","message":"Initializing Google Sheets...","service":"fenix-26-backend","timestamp":"2026-09-13 16:42:24"}
{"level":"info","message":"Initializing Google Sheets...","service":"fenix-26-backend","timestamp":"2026-09-13 16:42:24"}
{"level":"info","message":"MongoDB connected: localhost:27017","service":"fenix-26-backend","timestamp":"2026-09-13 16:42:28"}
{"level":"info","message":"MongoDB connected: localhost:27017","service":"fenix-26-backend","timestamp":"2026-09-13 16:42:28"}
{"level":"info","message":"Initializing Google Sheets...","service":"fenix-26-backend","timestamp":"2026-09-13 16:42:28"}
{"level":"info","message":"Initializing Google Sheets...","service":"fenix-26-backend","timestamp":"2026-09-13 16:42:28"}
{"level":"info","message":"\"Registrations\" sheet already exists","service":"fenix-26-backend","timestamp":"2026-09-13 16:42:29"}
{"level":"info","message":"FENIX26 Backend running on port 5000 (development)","service":"fenix-26-backend","timestamp":"2026-09-13 16:42:29"}
{"level":"info","message":"\"Registrations\" sheet already exists","service":"fenix-26-backend","timestamp":"2026-09-13 16:42:30"}
{"level":"info","message":"MongoDB connected: localhost:27017","service":"fenix-26-backend","timestamp":"2026-09-13 16:42:41"}
{"level":"info","message":"MongoDB connected: localhost:27017","service":"fenix-26-backend","timestamp":"2026-09-13 16:42:41"}
{"level":"info","message":"Initializing Google Sheets...","service":"fenix-26-backend","timestamp":"2026-09-13 16:42:41"}
{"level":"info","message":"Initializing Google Sheets...","service":"fenix-26-backend","timestamp":"2026-09-13 16:42:41"}
{"level":"info","message":"\"Registrations\" sheet already exists","service":"fenix-26-backend","timestamp":"2026-09-13 16:42:42"}
{"level":"info","message":"FENIX26 Backend running on port 5000 (development)","service":"fenix-26-backend","timestamp":"2026-09-13 16:42:42"}
{"level":"info","message":"\"Registrations\" sheet already exists","service":"fenix-26-backend","timestamp":"2026-09-13 16:42:42"}
{"level":"info","message":"MongoDB connected: localhost:27017","service":"fenix-26-backend","timestamp":"2026-09-13 16:42:45"}
{"level":"info","message":"Initializing Google Sheets...","service":"fenix-26-backend","timestamp":"2026-09-13 16:42:45"}
{"level":"info","message":"MongoDB connected: localhost:27017","service":"fenix-26-backend","timestamp":"2026-09-13 16:42:45"}
{"level":"info","message":"Initializing Google Sheets...","service":"fenix-26-backend","timestamp":"2026-09-13 16:42:45"}
{"level":"info","message":"\"Registrations\" sheet already exists","service":"fenix-26-backend","timestamp":"2026-09-13 16:42:46"}
{"level":"info","message":"FENIX26 Backend running on port 5000 (development)","service":"fenix-26-backend","timestamp":"2026-09-13 16:42:46"}
{"level":"info","message":"\"Registrations\" sheet already exists","service":"fenix-26-backend","timestamp":"2026-09-13 16:42:47"}
{"level":"info","message":"MongoDB connected: localhost:27017","service":"fenix-26-backend","timestamp":"2026-09-13 16:44:25"}
{"level":"info","message":"Initializing Google Sheets...","service":"fenix-26-backend","timestamp":"2026-09-13 16:44:25"}
{"level":"info","message":"\"Registrations\" sheet already exists","service":"fenix-26-backend","timestamp":"2026-09-13 16:44:26"}
{"level":"info","message":"FENIX26 Backend running on port 5000 (development)","service":"fenix-26-backend","timestamp":"2026-09-13 16:44:26"}
{"level":"info","message":"MongoDB connected: localhost:27017","service":"fenix-26-backend","timestamp":"2026-09-13 16:44:38"}
{"level":"info","message":"Initializing Google Sheets...","service":"fenix-26-backend","timestamp":"2026-09-13 16:44:38"}
{"level":"info","message":"\"Registrations\" sheet already exists","service":"fenix-26-backend","timestamp":"2026-09-13 16:44:39"}
{"level":"info","message":"FENIX26 Backend running on port 5000 (development)","service":"fenix-26-backend","timestamp":"2026-09-13 16:44:39"}
{"level":"info","message":"MongoDB connected: localhost:27017","service":"fenix-26-backend","timestamp":"2026-09-13 16:44:54"}
{"level":"info","message":"Initializing Google Sheets...","service":"fenix-26-backend","timestamp":"2026-09-13 16:44:54"}
{"level":"info","message":"MongoDB connected: localhost:27017","service":"fenix-26-backend","timestamp":"2026-09-13 16:44:57"}
{"level":"info","message":"Initializing Google Sheets...","service":"fenix-26-backend","timestamp":"2026-09-13 16:44:57"}
{"level":"info","message":"\"Registrations\" sheet already exists","service":"fenix-26-backend","timestamp":"2026-09-13 16:44:58"}
{"level":"info","message":"FENIX26 Backend running on port 5000 (development)","service":"fenix-26-backend","timestamp":"2026-09-13 16:44:58"}
{"level":"info","message":"MongoDB connected: localhost:27017","service":"fenix-26-backend","timestamp":"2026-09-13 16:45:07"}
{"level":"info","message":"Initializing Google Sheets...","service":"fenix-26-backend","timestamp":"2026-09-13 16:45:07"}
{"level":"info","message":"\"Registrations\" sheet already exists","service":"fenix-26-backend","timestamp":"2026-09-13 16:45:08"}
{"level":"info","message":"FENIX26 Backend running on port 5000 (development)","service":"fenix-26-backend","timestamp":"2026-09-13 16:45:08"}
{"level":"info","message":"MongoDB connected: localhost:27017","service":"fenix-26-backend","timestamp":"2026-09-13 16:45:17"}
{"level":"info","message":"Initializing Google Sheets...","service":"fenix-26-backend","timestamp":"2026-09-13 16:45:17"}
{"level":"info","message":"\"Registrations\" sheet already exists","service":"fenix-26-backend","timestamp":"2026-09-13 16:45:18"}
{"level":"info","message":"FENIX26 Backend running on port 5000 (development)","service":"fenix-26-backend","timestamp":"2026-09-13 16:45:18"}
{"level":"info","message":"MongoDB connected: localhost:27017","service":"fenix-26-backend","timestamp":"2026-09-13 16:45:28"}
{"level":"info","message":"Initializing Google Sheets...","service":"fenix-26-backend","timestamp":"2026-09-13 16:45:28"}
{"level":"info","message":"\"Registrations\" sheet already exists","service":"fenix-26-backend","timestamp":"2026-09-13 16:45:29"}
{"level":"info","message":"FENIX26 Backend running on port 5000 (development)","service":"fenix-26-backend","timestamp":"2026-09-13 16:45:29"}
{"level":"info","message":"MongoDB connected: localhost:27017","service":"fenix-26-backend","timestamp":"2026-09-13 16:46:36"}
{"level":"info","message":"Initializing Google Sheets...","service":"fenix-26-backend","timestamp":"2026-09-13 16:46:36"}
{"level":"error","message":"Google Sheets initialization error: error:1E08010C:DECODER routines::unsupported","service":"fenix-26-backend","timestamp":"2026-09-13 16:46:36"}
{"level":"warn","message":"Google Sheets initialization skipped: error:1E08010C:DECODER routines::unsupported","service":"fenix-26-backend","timestamp":"2026-09-13 16:46:36"}
{"level":"info","message":"FENIX26 Backend running on port 5000 (development)","service":"fenix-26-backend","timestamp":"2026-09-13 16:46:36"}
{"level":"info","message":"MongoDB connected: localhost:27017","service":"fenix-26-backend","timestamp":"2026-09-13 16:48:44"}
{"level":"info","message":"Initializing Google Sheets...","service":"fenix-26-backend","timestamp":"2026-09-13 16:48:44"}
{"level":"info","message":"MongoDB connected: localhost:27017","service":"fenix-26-backend","timestamp":"2026-09-13 16:49:17"}
{"level":"info","message":"Initializing Google Sheets...","service":"fenix-26-backend","timestamp":"2026-09-13 16:49:17"}
{"level":"error","message":"Google Sheets initialization error: error:1E08010C:DECODER routines::unsupported","service":"fenix-26-backend","timestamp":"2026-09-13 16:49:17"}
{"level":"warn","message":"Google Sheets initialization skipped: error:1E08010C:DECODER routines::unsupported","service":"fenix-26-backend","timestamp":"2026-09-13 16:49:17"}
{"level":"info","message":"FENIX26 Backend running on port 5000 (development)","service":"fenix-26-backend","timestamp":"2026-09-13 16:49:17"}
{"level":"error","message":"Cloudinary upload error: cloud_name is disabled","service":"fenix-26-backend","timestamp":"2026-09-13 16:50:08"}
{"code":"INTERNAL_ERROR","level":"error","message":"Error 500: Internal server error","method":"POST","path":"/api/registrations/F26-2026-000001/payment-screenshot","service":"fenix-26-backend","stack":"Error: Failed to upload screenshot to Cloudinary\n    at uploadScreenshot (file:///C:/Users/charl/web%20dev/fenix-26/backend/src/services/cloudinaryService.js:48:21)\n    at process.processTicksAndRejections (node:internal/process/task_queues:104:5)\n    at async uploadPaymentScreenshot (file:///C:/Users/charl/web%20dev/fenix-26/backend/src/controllers/registrationController.js:133:30)","timestamp":"2026-09-13 16:50:08"}
{"level":"info","message":"SIGINT received. Shutting down gracefully...","service":"fenix-26-backend","timestamp":"2026-09-13 17:42:33"}
{"level":"info","message":"MongoDB connected: localhost:27017","service":"fenix-26-backend","timestamp":"2026-09-13 17:56:57"}
{"level":"info","message":"Initializing Google Sheets...","service":"fenix-26-backend","timestamp":"2026-09-13 17:56:57"}
{"level":"error","message":"Google Sheets initialization error: error:1E08010C:DECODER routines::unsupported","service":"fenix-26-backend","timestamp":"2026-09-13 17:56:57"}
{"level":"warn","message":"Google Sheets initialization skipped: error:1E08010C:DECODER routines::unsupported","service":"fenix-26-backend","timestamp":"2026-09-13 17:56:57"}
{"level":"info","message":"FENIX26 Backend running on port 5000 (development)","service":"fenix-26-backend","timestamp":"2026-09-13 17:56:57"}
{"level":"info","message":"SIGINT received. Shutting down gracefully...","service":"fenix-26-backend","timestamp":"2026-09-13 17:57:39"}
{"level":"info","message":"MongoDB connected: localhost:27017","service":"fenix-26-backend","timestamp":"2026-09-13 18:40:22"}
{"level":"info","message":"Initializing Google Sheets...","service":"fenix-26-backend","timestamp":"2026-09-13 18:40:22"}
{"level":"error","message":"Google Sheets initialization error: error:1E08010C:DECODER routines::unsupported","service":"fenix-26-backend","timestamp":"2026-09-13 18:40:22"}
{"level":"warn","message":"Google Sheets initialization skipped: error:1E08010C:DECODER routines::unsupported","service":"fenix-26-backend","timestamp":"2026-09-13 18:40:22"}
{"level":"info","message":"FENIX26 Backend running on port 5000 (development)","service":"fenix-26-backend","timestamp":"2026-09-13 18:40:22"}
{"level":"info","message":"SIGINT received. Shutting down gracefully...","service":"fenix-26-backend","timestamp":"2026-09-13 18:46:57"}
{"level":"info","message":"MongoDB connected: localhost:27017","service":"fenix-26-backend","timestamp":"2026-09-13 18:49:25"}
{"level":"info","message":"FENIX26 Backend running on port 5000 (test)","service":"fenix-26-backend","timestamp":"2026-09-13 18:49:25"}
{"level":"info","message":"MongoDB connected: localhost:27017","service":"fenix-26-backend","timestamp":"2026-09-13 18:49:46"}
{"level":"info","message":"Initializing Google Sheets...","service":"fenix-26-backend","timestamp":"2026-09-13 18:49:46"}
{"level":"error","message":"Google Sheets initialization error: GOOGLE_PRIVATE_KEY is not a valid PEM key; copy the complete private_key from the service-account JSON","service":"fenix-26-backend","timestamp":"2026-09-13 18:49:46"}
{"level":"warn","message":"Google Sheets initialization skipped: GOOGLE_PRIVATE_KEY is not a valid PEM key; copy the complete private_key from the service-account JSON","service":"fenix-26-backend","timestamp":"2026-09-13 18:49:46"}
{"level":"info","message":"FENIX26 Backend running on port 5000 (development)","service":"fenix-26-backend","timestamp":"2026-09-13 18:49:46"}
{"level":"info","message":"MongoDB connected: localhost:27017","service":"fenix-26-backend","timestamp":"2026-09-13 19:00:19"}
{"level":"info","message":"Initializing Google Sheets...","service":"fenix-26-backend","timestamp":"2026-09-13 19:00:19"}
{"level":"info","message":"MongoDB connected: localhost:27017","service":"fenix-26-backend","timestamp":"2026-09-13 19:00:40"}
{"level":"info","message":"Initializing Google Sheets...","service":"fenix-26-backend","timestamp":"2026-09-13 19:00:40"}
{"level":"info","message":"SIGINT received. Shutting down gracefully...","service":"fenix-26-backend","timestamp":"2026-09-13 19:02:25"}
{"level":"info","message":"MongoDB connected: localhost:27017","service":"fenix-26-backend","timestamp":"2026-09-13 19:02:30"}
{"level":"info","message":"Initializing Google Sheets...","service":"fenix-26-backend","timestamp":"2026-09-13 19:02:30"}
{"level":"error","message":"Google Sheets initialization error: GOOGLE_PRIVATE_KEY is not a valid PEM key; copy the complete private_key from the service-account JSON","service":"fenix-26-backend","timestamp":"2026-09-13 19:02:30"}
{"level":"warn","message":"Google Sheets initialization skipped: GOOGLE_PRIVATE_KEY is not a valid PEM key; copy the complete private_key from the service-account JSON","service":"fenix-26-backend","timestamp":"2026-09-13 19:02:30"}
{"level":"info","message":"FENIX26 Backend running on port 5000 (development)","service":"fenix-26-backend","timestamp":"2026-09-13 19:02:30"}
{"level":"info","message":"SIGINT received. Shutting down gracefully...","service":"fenix-26-backend","timestamp":"2026-09-13 19:03:05"}
{"level":"info","message":"MongoDB connected: localhost:27017","service":"fenix-26-backend","timestamp":"2026-09-13 19:03:10"}
{"level":"info","message":"Initializing Google Sheets...","service":"fenix-26-backend","timestamp":"2026-09-13 19:03:10"}
{"level":"error","message":"Google Sheets initialization error: GOOGLE_PRIVATE_KEY is not a valid PEM key; copy the complete private_key from the service-account JSON","service":"fenix-26-backend","timestamp":"2026-09-13 19:03:10"}
{"level":"warn","message":"Google Sheets initialization skipped: GOOGLE_PRIVATE_KEY is not a valid PEM key; copy the complete private_key from the service-account JSON","service":"fenix-26-backend","timestamp":"2026-09-13 19:03:10"}
{"level":"info","message":"FENIX26 Backend running on port 5000 (development)","service":"fenix-26-backend","timestamp":"2026-09-13 19:03:10"}
{"level":"info","message":"SIGINT received. Shutting down gracefully...","service":"fenix-26-backend","timestamp":"2026-09-13 19:07:10"}
{"level":"info","message":"MongoDB connected: localhost:27017","service":"fenix-26-backend","timestamp":"2026-09-13 19:07:14"}
{"level":"info","message":"Initializing Google Sheets...","service":"fenix-26-backend","timestamp":"2026-09-13 19:07:14"}
{"level":"error","message":"Google Sheets initialization error: GOOGLE_PRIVATE_KEY is not a valid PEM key; copy the complete private_key from the service-account JSON","service":"fenix-26-backend","timestamp":"2026-09-13 19:07:14"}
{"level":"warn","message":"Google Sheets initialization skipped: GOOGLE_PRIVATE_KEY is not a valid PEM key; copy the complete private_key from the service-account JSON","service":"fenix-26-backend","timestamp":"2026-09-13 19:07:14"}
{"level":"info","message":"FENIX26 Backend running on port 5000 (development)","service":"fenix-26-backend","timestamp":"2026-09-13 19:07:14"}
{"level":"info","message":"SIGINT received. Shutting down gracefully...","service":"fenix-26-backend","timestamp":"2026-09-13 19:08:36"}
{"level":"info","message":"MongoDB connected: localhost:27017","service":"fenix-26-backend","timestamp":"2026-09-13 19:08:40"}
{"level":"info","message":"Initializing Google Sheets...","service":"fenix-26-backend","timestamp":"2026-09-13 19:08:40"}
{"level":"error","message":"Google Sheets initialization error: GOOGLE_PRIVATE_KEY is not a valid PEM key; copy the complete private_key from the service-account JSON","service":"fenix-26-backend","timestamp":"2026-09-13 19:08:40"}
{"level":"warn","message":"Google Sheets initialization skipped: GOOGLE_PRIVATE_KEY is not a valid PEM key; copy the complete private_key from the service-account JSON","service":"fenix-26-backend","timestamp":"2026-09-13 19:08:40"}
{"level":"info","message":"FENIX26 Backend running on port 5000 (development)","service":"fenix-26-backend","timestamp":"2026-09-13 19:08:40"}
{"level":"info","message":"SIGINT received. Shutting down gracefully...","service":"fenix-26-backend","timestamp":"2026-09-13 19:11:04"}
{"level":"info","message":"MongoDB connected: localhost:27017","service":"fenix-26-backend","timestamp":"2026-09-13 19:11:08"}
{"level":"info","message":"Initializing Google Sheets...","service":"fenix-26-backend","timestamp":"2026-09-13 19:11:08"}
{"level":"error","message":"Google Sheets initialization error: GOOGLE_PRIVATE_KEY is not a valid PEM key; copy the complete private_key from the service-account JSON","service":"fenix-26-backend","timestamp":"2026-09-13 19:11:08"}
{"level":"warn","message":"Google Sheets initialization skipped: GOOGLE_PRIVATE_KEY is not a valid PEM key; copy the complete private_key from the service-account JSON","service":"fenix-26-backend","timestamp":"2026-09-13 19:11:08"}
{"level":"info","message":"FENIX26 Backend running on port 5000 (development)","service":"fenix-26-backend","timestamp":"2026-09-13 19:11:08"}
{"level":"info","message":"SIGINT received. Shutting down gracefully...","service":"fenix-26-backend","timestamp":"2026-09-13 19:12:13"}
{"level":"info","message":"MongoDB connected: localhost:27017","service":"fenix-26-backend","timestamp":"2026-09-13 19:12:17"}
{"level":"info","message":"Initializing Google Sheets...","service":"fenix-26-backend","timestamp":"2026-09-13 19:12:17"}
{"level":"info","message":"\"Registrations\" sheet already exists","service":"fenix-26-backend","timestamp":"2026-09-13 19:12:18"}
{"level":"info","message":"FENIX26 Backend running on port 5000 (development)","service":"fenix-26-backend","timestamp":"2026-09-13 19:12:18"}
{"level":"info","message":"Screenshot uploaded to Cloudinary: fenix26/payments/payment-screenshot-F26-2026-000001-1789306981109-i8uvcu for F26-2026-000001","service":"fenix-26-backend","timestamp":"2026-09-13 19:13:05"}
{"level":"info","message":"Payment screenshot uploaded for F26-2026-000001, status=PENDING_VERIFICATION","service":"fenix-26-backend","timestamp":"2026-09-13 19:13:05"}
{"level":"error","message":"Failed to update registration in Google Sheets: Invalid value at 'data.values[0]' (type.googleapis.com/google.protobuf.ListValue), \"F26-2026-000001\"\nInvalid value at 'data.values[1]' (type.googleapis.com/google.protobuf.ListValue), \"2026-09-13\"\nInvalid value at 'data.values[2]' (type.googleapis.com/google.protobuf.ListValue), \"Example Team\"\nInvalid value at 'data.values[3]' (type.googleapis.com/google.protobuf.ListValue), \"John Doe\"\nInvalid value at 'data.values[4]' (type.googleapis.com/google.protobuf.ListValue), \"team@example.com\"\nInvalid value at 'data.values[5]' (type.googleapis.com/google.protobuf.ListValue), \"9876543210\"\nInvalid value at 'data.values[6]' (type.googleapis.com/google.protobuf.ListValue), \"Example College\"\nInvalid value at 'data.values[7]' (type.googleapis.com/google.protobuf.ListValue), \"CSE\"\nInvalid value at 'data.values[8]' (type.googleapis.com/google.protobuf.ListValue), 3\nInvalid value at 'data.values[9]' (type.googleapis.com/google.protobuf.ListValue), \"\"\nInvalid value at 'data.values[10]' (type.googleapis.com/google.protobuf.ListValue), \"Paper Presentation (₹0); AI Battle (₹0)\"\nInvalid value at 'data.values[11]' (type.googleapis.com/google.protobuf.ListValue), \"\"\nInvalid value at 'data.values[12]' (type.googleapis.com/google.protobuf.ListValue), 250\nInvalid value at 'data.values[13]' (type.googleapis.com/google.protobuf.ListValue), \"PENDING_VERIFICATION\"\nInvalid value at 'data.values[14]' (type.googleapis.com/google.protobuf.ListValue), \"\"\nInvalid value at 'data.values[15]' (type.googleapis.com/google.protobuf.ListValue), \"=HYPERLINK(\"https://res.cloudinary.com/dukwnbnvq/image/upload/v1789306987/fenix26/payments/payment-screenshot-F26-2026-000001-1789306981109-i8uvcu.png\", \"View Payment Screenshot\")\"\nInvalid value at 'data.values[16]' (type.googleapis.com/google.protobuf.ListValue), \"pending\"\nInvalid value at 'data.values[17]' (type.googleapis.com/google.protobuf.ListValue), \"\"\nInvalid value at 'data.values[18]' (type.googleapis.com/google.protobuf.ListValue), \"\"","service":"fenix-26-backend","timestamp":"2026-09-13 19:13:06"}
{"level":"warn","message":"Google Sheets update failed for F26-2026-000001: Invalid value at 'data.values[0]' (type.googleapis.com/google.protobuf.ListValue), \"F26-2026-000001\"\nInvalid value at 'data.values[1]' (type.googleapis.com/google.protobuf.ListValue), \"2026-09-13\"\nInvalid value at 'data.values[2]' (type.googleapis.com/google.protobuf.ListValue), \"Example Team\"\nInvalid value at 'data.values[3]' (type.googleapis.com/google.protobuf.ListValue), \"John Doe\"\nInvalid value at 'data.values[4]' (type.googleapis.com/google.protobuf.ListValue), \"team@example.com\"\nInvalid value at 'data.values[5]' (type.googleapis.com/google.protobuf.ListValue), \"9876543210\"\nInvalid value at 'data.values[6]' (type.googleapis.com/google.protobuf.ListValue), \"Example College\"\nInvalid value at 'data.values[7]' (type.googleapis.com/google.protobuf.ListValue), \"CSE\"\nInvalid value at 'data.values[8]' (type.googleapis.com/google.protobuf.ListValue), 3\nInvalid value at 'data.values[9]' (type.googleapis.com/google.protobuf.ListValue), \"\"\nInvalid value at 'data.values[10]' (type.googleapis.com/google.protobuf.ListValue), \"Paper Presentation (₹0); AI Battle (₹0)\"\nInvalid value at 'data.values[11]' (type.googleapis.com/google.protobuf.ListValue), \"\"\nInvalid value at 'data.values[12]' (type.googleapis.com/google.protobuf.ListValue), 250\nInvalid value at 'data.values[13]' (type.googleapis.com/google.protobuf.ListValue), \"PENDING_VERIFICATION\"\nInvalid value at 'data.values[14]' (type.googleapis.com/google.protobuf.ListValue), \"\"\nInvalid value at 'data.values[15]' (type.googleapis.com/google.protobuf.ListValue), \"=HYPERLINK(\"https://res.cloudinary.com/dukwnbnvq/image/upload/v1789306987/fenix26/payments/payment-screenshot-F26-2026-000001-1789306981109-i8uvcu.png\", \"View Payment Screenshot\")\"\nInvalid value at 'data.values[16]' (type.googleapis.com/google.protobuf.ListValue), \"pending\"\nInvalid value at 'data.values[17]' (type.googleapis.com/google.protobuf.ListValue), \"\"\nInvalid value at 'data.values[18]' (type.googleapis.com/google.protobuf.ListValue), \"\"","service":"fenix-26-backend","timestamp":"2026-09-13 19:13:06"}
{"level":"info","message":"SMTP server ready for messages","service":"fenix-26-backend","timestamp":"2026-09-13 19:13:08"}
{"level":"info","message":"Email sent to charlinashini@gmail.com: <5e072741-baa4-6c51-69c6-d82e547266bd@gmail.com>","service":"fenix-26-backend","timestamp":"2026-09-13 19:13:09"}
{"level":"info","message":"Payment verification email sent to charlinashini@gmail.com for F26-2026-000001","service":"fenix-26-backend","timestamp":"2026-09-13 19:13:09"}
{"level":"info","message":"Default admin initialized: charlinashini@gmail.com","service":"fenix-26-backend","timestamp":"2026-09-13 19:20:11"}
{"level":"info","message":"Payment verified for F26-2026-000001","service":"fenix-26-backend","timestamp":"2026-09-13 19:21:27"}
{"level":"error","message":"Failed to update registration in Google Sheets: Invalid value at 'data.values[0]' (type.googleapis.com/google.protobuf.ListValue), \"F26-2026-000001\"\nInvalid value at 'data.values[1]' (type.googleapis.com/google.protobuf.ListValue), \"2026-09-13\"\nInvalid value at 'data.values[2]' (type.googleapis.com/google.protobuf.ListValue), \"Example Team\"\nInvalid value at 'data.values[3]' (type.googleapis.com/google.protobuf.ListValue), \"John Doe\"\nInvalid value at 'data.values[4]' (type.googleapis.com/google.protobuf.ListValue), \"team@example.com\"\nInvalid value at 'data.values[5]' (type.googleapis.com/google.protobuf.ListValue), \"9876543210\"\nInvalid value at 'data.values[6]' (type.googleapis.com/google.protobuf.ListValue), \"Example College\"\nInvalid value at 'data.values[7]' (type.googleapis.com/google.protobuf.ListValue), \"CSE\"\nInvalid value at 'data.values[8]' (type.googleapis.com/google.protobuf.ListValue), 3\nInvalid value at 'data.values[9]' (type.googleapis.com/google.protobuf.ListValue), \"\"\nInvalid value at 'data.values[10]' (type.googleapis.com/google.protobuf.ListValue), \"Paper Presentation (₹0); AI Battle (₹0)\"\nInvalid value at 'data.values[11]' (type.googleapis.com/google.protobuf.ListValue), \"\"\nInvalid value at 'data.values[12]' (type.googleapis.com/google.protobuf.ListValue), 250\nInvalid value at 'data.values[13]' (type.googleapis.com/google.protobuf.ListValue), \"VERIFIED\"\nInvalid value at 'data.values[14]' (type.googleapis.com/google.protobuf.ListValue), \"\"\nInvalid value at 'data.values[15]' (type.googleapis.com/google.protobuf.ListValue), \"=HYPERLINK(\"https://res.cloudinary.com/dukwnbnvq/image/upload/v1789306987/fenix26/payments/payment-screenshot-F26-2026-000001-1789306981109-i8uvcu.png\", \"View Payment Screenshot\")\"\nInvalid value at 'data.values[16]' (type.googleapis.com/google.protobuf.ListValue), \"confirmed\"\nInvalid value at 'data.values[17]' (type.googleapis.com/google.protobuf.ListValue), \"2026-09-13\"\nInvalid value at 'data.values[18]' (type.googleapis.com/google.protobuf.ListValue), \"FENIX26 Admin\"","service":"fenix-26-backend","timestamp":"2026-09-13 19:21:28"}
{"level":"warn","message":"Google Sheets update failed for F26-2026-000001: Invalid value at 'data.values[0]' (type.googleapis.com/google.protobuf.ListValue), \"F26-2026-000001\"\nInvalid value at 'data.values[1]' (type.googleapis.com/google.protobuf.ListValue), \"2026-09-13\"\nInvalid value at 'data.values[2]' (type.googleapis.com/google.protobuf.ListValue), \"Example Team\"\nInvalid value at 'data.values[3]' (type.googleapis.com/google.protobuf.ListValue), \"John Doe\"\nInvalid value at 'data.values[4]' (type.googleapis.com/google.protobuf.ListValue), \"team@example.com\"\nInvalid value at 'data.values[5]' (type.googleapis.com/google.protobuf.ListValue), \"9876543210\"\nInvalid value at 'data.values[6]' (type.googleapis.com/google.protobuf.ListValue), \"Example College\"\nInvalid value at 'data.values[7]' (type.googleapis.com/google.protobuf.ListValue), \"CSE\"\nInvalid value at 'data.values[8]' (type.googleapis.com/google.protobuf.ListValue), 3\nInvalid value at 'data.values[9]' (type.googleapis.com/google.protobuf.ListValue), \"\"\nInvalid value at 'data.values[10]' (type.googleapis.com/google.protobuf.ListValue), \"Paper Presentation (₹0); AI Battle (₹0)\"\nInvalid value at 'data.values[11]' (type.googleapis.com/google.protobuf.ListValue), \"\"\nInvalid value at 'data.values[12]' (type.googleapis.com/google.protobuf.ListValue), 250\nInvalid value at 'data.values[13]' (type.googleapis.com/google.protobuf.ListValue), \"VERIFIED\"\nInvalid value at 'data.values[14]' (type.googleapis.com/google.protobuf.ListValue), \"\"\nInvalid value at 'data.values[15]' (type.googleapis.com/google.protobuf.ListValue), \"=HYPERLINK(\"https://res.cloudinary.com/dukwnbnvq/image/upload/v1789306987/fenix26/payments/payment-screenshot-F26-2026-000001-1789306981109-i8uvcu.png\", \"View Payment Screenshot\")\"\nInvalid value at 'data.values[16]' (type.googleapis.com/google.protobuf.ListValue), \"confirmed\"\nInvalid value at 'data.values[17]' (type.googleapis.com/google.protobuf.ListValue), \"2026-09-13\"\nInvalid value at 'data.values[18]' (type.googleapis.com/google.protobuf.ListValue), \"FENIX26 Admin\"","service":"fenix-26-backend","timestamp":"2026-09-13 19:21:28"}
{"level":"info","message":"Email sent to team@example.com: <8af97e34-c82b-b668-8c83-d1e80c6dc10f@gmail.com>","service":"fenix-26-backend","timestamp":"2026-09-13 19:21:32"}
{"level":"info","message":"Payment verified email sent to team@example.com","service":"fenix-26-backend","timestamp":"2026-09-13 19:21:32"}
{"level":"info","message":"SIGINT received. Shutting down gracefully...","service":"fenix-26-backend","timestamp":"2026-09-13 19:25:27"}
{"level":"info","message":"MongoDB connected: localhost:27017","service":"fenix-26-backend","timestamp":"2026-09-13 20:06:02"}
{"level":"info","message":"FENIX26 Backend running on port 5000 (test)","service":"fenix-26-backend","timestamp":"2026-09-13 20:06:02"}
{"level":"info","message":"MongoDB connected: localhost:27017","service":"fenix-26-backend","timestamp":"2026-09-13 21:35:24"}
{"level":"info","message":"FENIX26 Backend running on port 5000 (test)","service":"fenix-26-backend","timestamp":"2026-09-13 21:35:24"}
{"level":"info","message":"MongoDB connected: localhost:27017","service":"fenix-26-backend","timestamp":"2026-09-13 22:08:41"}
{"level":"info","message":"FENIX26 Backend running on port 5000 (test)","service":"fenix-26-backend","timestamp":"2026-09-13 22:08:41"}
{"level":"info","message":"MongoDB connected: localhost:27017","service":"fenix-26-backend","timestamp":"2026-09-13 22:16:07"}
{"level":"info","message":"Initializing Google Sheets...","service":"fenix-26-backend","timestamp":"2026-09-13 22:16:07"}
{"level":"info","message":"\"Registrations\" sheet already exists","service":"fenix-26-backend","timestamp":"2026-09-13 22:16:09"}
{"level":"info","message":"FENIX26 Backend running on port 5000 (development)","service":"fenix-26-backend","timestamp":"2026-09-13 22:16:09"}
{"code":11000,"level":"error","message":"Error 500: Internal server error","method":"POST","path":"/api/registrations","service":"fenix-26-backend","stack":"MongoServerError: E11000 duplicate key error collection: fenix26.registrations index: registrationId_1 dup key: { registrationId: \"F26-2026-000001\" }\n    at InsertOneOperation.handleOk (C:\\Users\\charl\\web dev\\fenix-26\\backend\\node_modules\\mongoose\\node_modules\\mongodb\\lib\\operations\\insert.js:51:19)\n    at tryOperation (C:\\Users\\charl\\web dev\\fenix-26\\backend\\node_modules\\mongoose\\node_modules\\mongodb\\lib\\operations\\execute_operation.js:214:34)\n    at process.processTicksAndRejections (node:internal/process/task_queues:104:5)\n    at async executeOperation (C:\\Users\\charl\\web dev\\fenix-26\\backend\\node_modules\\mongoose\\node_modules\\mongodb\\lib\\operations\\execute_operation.js:78:16)\n    at async Collection.insertOne (C:\\Users\\charl\\web dev\\fenix-26\\backend\\node_modules\\mongoose\\node_modules\\mongodb\\lib\\collection.js:154:16)","timestamp":"2026-09-13 22:19:41"}
{"level":"info","message":"Registration created: F26-2026-000002","service":"fenix-26-backend","timestamp":"2026-09-13 22:19:43"}
{"code":"DUPLICATE_REGISTRATION","level":"error","message":"Error 409: Registration already exists for this email","method":"POST","path":"/api/registrations","service":"fenix-26-backend","stack":"Error: Registration already exists for this email\n    at createRegistration (file:///C:/Users/charl/web%20dev/fenix-26/backend/src/controllers/registrationController.js:21:13)\n    at process.processTicksAndRejections (node:internal/process/task_queues:104:5)","timestamp":"2026-09-13 22:19:44"}
{"level":"info","message":"Registration F26-2026-000002 added to Google Sheets","service":"fenix-26-backend","timestamp":"2026-09-13 22:19:44"}
{"code":"DUPLICATE_REGISTRATION","level":"error","message":"Error 409: Registration already exists for this email","method":"POST","path":"/api/registrations","service":"fenix-26-backend","stack":"Error: Registration already exists for this email\n    at createRegistration (file:///C:/Users/charl/web%20dev/fenix-26/backend/src/controllers/registrationController.js:21:13)\n    at process.processTicksAndRejections (node:internal/process/task_queues:104:5)","timestamp":"2026-09-13 22:19:44"}
{"code":"DUPLICATE_REGISTRATION","level":"error","message":"Error 409: Registration already exists for this email","method":"POST","path":"/api/registrations","service":"fenix-26-backend","stack":"Error: Registration already exists for this email\n    at createRegistration (file:///C:/Users/charl/web%20dev/fenix-26/backend/src/controllers/registrationController.js:21:13)\n    at process.processTicksAndRejections (node:internal/process/task_queues:104:5)","timestamp":"2026-09-13 22:19:45"}
{"code":"DUPLICATE_REGISTRATION","level":"error","message":"Error 409: Registration already exists for this email","method":"POST","path":"/api/registrations","service":"fenix-26-backend","stack":"Error: Registration already exists for this email\n    at createRegistration (file:///C:/Users/charl/web%20dev/fenix-26/backend/src/controllers/registrationController.js:21:13)\n    at process.processTicksAndRejections (node:internal/process/task_queues:104:5)","timestamp":"2026-09-13 22:19:45"}
{"code":"DUPLICATE_REGISTRATION","level":"error","message":"Error 409: Registration already exists for this email","method":"POST","path":"/api/registrations","service":"fenix-26-backend","stack":"Error: Registration already exists for this email\n    at createRegistration (file:///C:/Users/charl/web%20dev/fenix-26/backend/src/controllers/registrationController.js:21:13)\n    at process.processTicksAndRejections (node:internal/process/task_queues:104:5)","timestamp":"2026-09-13 22:19:46"}
{"level":"info","message":"SMTP server ready for messages","service":"fenix-26-backend","timestamp":"2026-09-13 22:19:46"}
{"level":"info","message":"Email sent to sfs@gmail.com: <ca686f61-6618-219f-915c-e34396d764ac@gmail.com>","service":"fenix-26-backend","timestamp":"2026-09-13 22:19:48"}
{"level":"info","message":"Confirmation email sent to sfs@gmail.com","service":"fenix-26-backend","timestamp":"2026-09-13 22:19:48"}
{"level":"info","message":"MongoDB connected: localhost:27017","service":"fenix-26-backend","timestamp":"2026-09-13 22:31:02"}
{"level":"info","message":"Initializing Google Sheets...","service":"fenix-26-backend","timestamp":"2026-09-13 22:31:02"}
{"level":"info","message":"\"Registrations\" sheet already exists","service":"fenix-26-backend","timestamp":"2026-09-13 22:31:04"}
{"level":"info","message":"FENIX26 Backend running on port 5000 (development)","service":"fenix-26-backend","timestamp":"2026-09-13 22:31:04"}
{"level":"info","message":"MongoDB connected: localhost:27017","service":"fenix-26-backend","timestamp":"2026-09-13 22:31:13"}
{"level":"info","message":"Initializing Google Sheets...","service":"fenix-26-backend","timestamp":"2026-09-13 22:31:13"}
{"level":"info","message":"\"Registrations\" sheet already exists","service":"fenix-26-backend","timestamp":"2026-09-13 22:31:14"}
{"level":"info","message":"FENIX26 Backend running on port 5000 (development)","service":"fenix-26-backend","timestamp":"2026-09-13 22:31:14"}
{"level":"info","message":"SIGINT received. Shutting down gracefully...","service":"fenix-26-backend","timestamp":"2026-09-13 22:34:02"}
{"level":"info","message":"MongoDB connected: localhost:27017","service":"fenix-26-backend","timestamp":"2026-09-13 22:34:08"}
{"level":"info","message":"Initializing Google Sheets...","service":"fenix-26-backend","timestamp":"2026-09-13 22:34:08"}
{"level":"info","message":"\"Registrations\" sheet already exists","service":"fenix-26-backend","timestamp":"2026-09-13 22:34:09"}
{"level":"info","message":"FENIX26 Backend running on port 5000 (development)","service":"fenix-26-backend","timestamp":"2026-09-13 22:34:09"}
{"level":"info","message":"MongoDB connected: localhost:27017","service":"fenix-26-backend","timestamp":"2026-09-13 22:36:44"}
{"level":"info","message":"Initializing Google Sheets...","service":"fenix-26-backend","timestamp":"2026-09-13 22:36:44"}
{"level":"info","message":"\"Registrations\" sheet already exists","service":"fenix-26-backend","timestamp":"2026-09-13 22:36:46"}
{"level":"info","message":"FENIX26 Backend running on port 5000 (development)","service":"fenix-26-backend","timestamp":"2026-09-13 22:36:46"}
{"level":"info","message":"MongoDB connected: localhost:27017","service":"fenix-26-backend","timestamp":"2026-09-13 22:37:06"}
{"level":"info","message":"Initializing Google Sheets...","service":"fenix-26-backend","timestamp":"2026-09-13 22:37:06"}
{"level":"info","message":"\"Registrations\" sheet already exists","service":"fenix-26-backend","timestamp":"2026-09-13 22:37:07"}
{"level":"info","message":"FENIX26 Backend running on port 5000 (development)","service":"fenix-26-backend","timestamp":"2026-09-13 22:37:07"}
{"level":"info","message":"MongoDB connected: localhost:27017","service":"fenix-26-backend","timestamp":"2026-09-13 23:23:35"}
{"level":"info","message":"\"Registrations\" sheet already exists","service":"fenix-26-backend","timestamp":"2026-09-14 09:37:54"}
{"level":"info","message":"MongoDB connected: localhost:27017","service":"fenix-26-backend","timestamp":"2026-09-14 09:38:45"}
{"level":"info","message":"FENIX26 Backend running on port 5000 (test)","service":"fenix-26-backend","timestamp":"2026-09-14 09:38:45"}
{"level":"info","message":"Registration F26-2026-000002 updated in Google Sheets","service":"fenix-26-backend","timestamp":"2026-09-14 09:39:00"}
{"level":"info","message":"MongoDB connected: localhost:27017","service":"fenix-26-backend","timestamp":"2026-09-14 09:41:32"}
{"level":"info","message":"Initializing Google Sheets...","service":"fenix-26-backend","timestamp":"2026-09-14 09:41:32"}
{"level":"info","message":"\"Registrations\" sheet already exists","service":"fenix-26-backend","timestamp":"2026-09-14 09:41:33"}
{"level":"info","message":"FENIX26 Backend running on port 5000 (development)","service":"fenix-26-backend","timestamp":"2026-09-14 09:41:33"}
{"code":11000,"level":"error","message":"Error 500: Internal server error","method":"POST","path":"/api/registrations","service":"fenix-26-backend","stack":"MongoServerError: E11000 duplicate key error collection: fenix26.registrations index: registrationId_1 dup key: { registrationId: \"F26-2026-000001\" }\n    at InsertOneOperation.handleOk (C:\\Users\\charl\\web dev\\fenix-26\\backend\\node_modules\\mongoose\\node_modules\\mongodb\\lib\\operations\\insert.js:51:19)\n    at tryOperation (C:\\Users\\charl\\web dev\\fenix-26\\backend\\node_modules\\mongoose\\node_modules\\mongodb\\lib\\operations\\execute_operation.js:214:34)\n    at process.processTicksAndRejections (node:internal/process/task_queues:104:5)\n    at async executeOperation (C:\\Users\\charl\\web dev\\fenix-26\\backend\\node_modules\\mongoose\\node_modules\\mongodb\\lib\\operations\\execute_operation.js:78:16)\n    at async Collection.insertOne (C:\\Users\\charl\\web dev\\fenix-26\\backend\\node_modules\\mongoose\\node_modules\\mongodb\\lib\\collection.js:154:16)","timestamp":"2026-09-14 09:45:16"}
{"code":11000,"level":"error","message":"Error 500: Internal server error","method":"POST","path":"/api/registrations","service":"fenix-26-backend","stack":"MongoServerError: E11000 duplicate key error collection: fenix26.registrations index: registrationId_1 dup key: { registrationId: \"F26-2026-000002\" }\n    at InsertOneOperation.handleOk (C:\\Users\\charl\\web dev\\fenix-26\\backend\\node_modules\\mongoose\\node_modules\\mongodb\\lib\\operations\\insert.js:51:19)\n    at tryOperation (C:\\Users\\charl\\web dev\\fenix-26\\backend\\node_modules\\mongoose\\node_modules\\mongodb\\lib\\operations\\execute_operation.js:214:34)\n    at process.processTicksAndRejections (node:internal/process/task_queues:104:5)\n    at async executeOperation (C:\\Users\\charl\\web dev\\fenix-26\\backend\\node_modules\\mongoose\\node_modules\\mongodb\\lib\\operations\\execute_operation.js:78:16)\n    at async Collection.insertOne (C:\\Users\\charl\\web dev\\fenix-26\\backend\\node_modules\\mongoose\\node_modules\\mongodb\\lib\\collection.js:154:16)","timestamp":"2026-09-14 09:45:21"}
{"level":"info","message":"Registration created: F26-2026-000003","service":"fenix-26-backend","timestamp":"2026-09-14 09:45:21"}
{"code":"DUPLICATE_REGISTRATION","level":"error","message":"Error 409: Registration already exists for this email","method":"POST","path":"/api/registrations","service":"fenix-26-backend","stack":"Error: Registration already exists for this email\n    at createRegistration (file:///C:/Users/charl/web%20dev/fenix-26/backend/src/controllers/registrationController.js:21:13)\n    at process.processTicksAndRejections (node:internal/process/task_queues:104:5)","timestamp":"2026-09-14 09:45:22"}
{"level":"info","message":"Registration F26-2026-000003 added to Google Sheets","service":"fenix-26-backend","timestamp":"2026-09-14 09:45:23"}
{"level":"info","message":"SMTP server ready for messages","service":"fenix-26-backend","timestamp":"2026-09-14 09:45:25"}
{"level":"info","message":"Email sent to charlinashini@gmail.com: <dac6a211-caf9-8676-9393-a25600d39bfb@gmail.com>","service":"fenix-26-backend","timestamp":"2026-09-14 09:45:27"}
{"level":"info","message":"Admin notification email sent to charlinashini@gmail.com","service":"fenix-26-backend","timestamp":"2026-09-14 09:45:27"}
{"level":"info","message":"Screenshot uploaded to Cloudinary: fenix26/payments/payment-screenshot-F26-2026-000003-1789359511129-da4nfl for F26-2026-000003","service":"fenix-26-backend","timestamp":"2026-09-14 09:48:34"}
{"level":"info","message":"Payment screenshot uploaded for F26-2026-000003, status=PENDING_VERIFICATION","service":"fenix-26-backend","timestamp":"2026-09-14 09:48:34"}
{"level":"info","message":"Registration F26-2026-000003 updated in Google Sheets","service":"fenix-26-backend","timestamp":"2026-09-14 09:48:35"}
{"level":"info","message":"Email sent to charlinashini@gmail.com: <7d69c7bb-35e6-0cf8-56b0-2c2a60cb70b1@gmail.com>","service":"fenix-26-backend","timestamp":"2026-09-14 09:48:39"}
{"level":"info","message":"Payment verification email sent to charlinashini@gmail.com for F26-2026-000003","service":"fenix-26-backend","timestamp":"2026-09-14 09:48:39"}
{"level":"info","message":"Payment verified for F26-2026-000003","service":"fenix-26-backend","timestamp":"2026-09-14 09:51:09"}
{"level":"info","message":"Registration F26-2026-000003 updated in Google Sheets","service":"fenix-26-backend","timestamp":"2026-09-14 09:51:11"}
{"level":"warn","message":"Payment already verified for F26-2026-000003","service":"fenix-26-backend","timestamp":"2026-09-14 09:51:13"}
{"level":"info","message":"Registration F26-2026-000003 updated in Google Sheets","service":"fenix-26-backend","timestamp":"2026-09-14 09:51:14"}
{"level":"info","message":"Email sent to kaladelphine7@gmail.com: <892c0c5d-9db7-7712-faef-2db5cd768013@gmail.com>","service":"fenix-26-backend","timestamp":"2026-09-14 09:51:15"}
{"level":"info","message":"Confirmation email sent to kaladelphine7@gmail.com","service":"fenix-26-backend","timestamp":"2026-09-14 09:51:15"}
{"level":"info","message":"Email sent to kaladelphine7@gmail.com: <4e21d367-93b5-9268-1871-1f85c1131559@gmail.com>","service":"fenix-26-backend","timestamp":"2026-09-14 09:51:17"}
{"level":"info","message":"Confirmation email sent to kaladelphine7@gmail.com","service":"fenix-26-backend","timestamp":"2026-09-14 09:51:17"}
{"level":"info","message":"MongoDB connected: localhost:27017","service":"fenix-26-backend","timestamp":"2026-09-14 11:16:18"}
{"level":"info","message":"Initializing Google Sheets...","service":"fenix-26-backend","timestamp":"2026-09-14 11:16:18"}
{"level":"info","message":"\"Registrations\" sheet already exists","service":"fenix-26-backend","timestamp":"2026-09-14 11:16:20"}
{"level":"info","message":"FENIX26 Backend running on port 5000 (development)","service":"fenix-26-backend","timestamp":"2026-09-14 11:16:20"}
{"level":"info","message":"MongoDB connected: localhost:27017","service":"fenix-26-backend","timestamp":"2026-09-14 19:43:00"}
{"level":"info","message":"Initializing Google Sheets...","service":"fenix-26-backend","timestamp":"2026-09-14 19:43:00"}
{"level":"info","message":"\"Registrations\" sheet already exists","service":"fenix-26-backend","timestamp":"2026-09-14 19:43:02"}
{"level":"info","message":"FENIX26 Backend running on port 5000 (development)","service":"fenix-26-backend","timestamp":"2026-09-14 19:43:02"}
{"code":11000,"level":"error","message":"Error 500: Internal server error","method":"POST","path":"/api/registrations","service":"fenix-26-backend","stack":"MongoServerError: E11000 duplicate key error collection: fenix26.registrations index: registrationId_1 dup key: { registrationId: \"F26-2026-000001\" }\n    at InsertOneOperation.handleOk (C:\\Users\\charl\\web dev\\fenix-26\\backend\\node_modules\\mongoose\\node_modules\\mongodb\\lib\\operations\\insert.js:51:19)\n    at tryOperation (C:\\Users\\charl\\web dev\\fenix-26\\backend\\node_modules\\mongoose\\node_modules\\mongodb\\lib\\operations\\execute_operation.js:214:34)\n    at process.processTicksAndRejections (node:internal/process/task_queues:104:5)\n    at async executeOperation (C:\\Users\\charl\\web dev\\fenix-26\\backend\\node_modules\\mongoose\\node_modules\\mongodb\\lib\\operations\\execute_operation.js:78:16)\n    at async Collection.insertOne (C:\\Users\\charl\\web dev\\fenix-26\\backend\\node_modules\\mongoose\\node_modules\\mongodb\\lib\\collection.js:154:16)","timestamp":"2026-09-14 19:47:32"}
{"code":11000,"level":"error","message":"Error 500: Internal server error","method":"POST","path":"/api/registrations","service":"fenix-26-backend","stack":"MongoServerError: E11000 duplicate key error collection: fenix26.registrations index: registrationId_1 dup key: { registrationId: \"F26-2026-000002\" }\n    at InsertOneOperation.handleOk (C:\\Users\\charl\\web dev\\fenix-26\\backend\\node_modules\\mongoose\\node_modules\\mongodb\\lib\\operations\\insert.js:51:19)\n    at tryOperation (C:\\Users\\charl\\web dev\\fenix-26\\backend\\node_modules\\mongoose\\node_modules\\mongodb\\lib\\operations\\execute_operation.js:214:34)\n    at process.processTicksAndRejections (node:internal/process/task_queues:104:5)\n    at async executeOperation (C:\\Users\\charl\\web dev\\fenix-26\\backend\\node_modules\\mongoose\\node_modules\\mongodb\\lib\\operations\\execute_operation.js:78:16)\n    at async Collection.insertOne (C:\\Users\\charl\\web dev\\fenix-26\\backend\\node_modules\\mongoose\\node_modules\\mongodb\\lib\\collection.js:154:16)","timestamp":"2026-09-14 19:47:40"}
{"code":11000,"level":"error","message":"Error 500: Internal server error","method":"POST","path":"/api/registrations","service":"fenix-26-backend","stack":"MongoServerError: E11000 duplicate key error collection: fenix26.registrations index: registrationId_1 dup key: { registrationId: \"F26-2026-000003\" }\n    at InsertOneOperation.handleOk (C:\\Users\\charl\\web dev\\fenix-26\\backend\\node_modules\\mongoose\\node_modules\\mongodb\\lib\\operations\\insert.js:51:19)\n    at tryOperation (C:\\Users\\charl\\web dev\\fenix-26\\backend\\node_modules\\mongoose\\node_modules\\mongodb\\lib\\operations\\execute_operation.js:214:34)\n    at process.processTicksAndRejections (node:internal/process/task_queues:104:5)\n    at async executeOperation (C:\\Users\\charl\\web dev\\fenix-26\\backend\\node_modules\\mongoose\\node_modules\\mongodb\\lib\\operations\\execute_operation.js:78:16)\n    at async Collection.insertOne (C:\\Users\\charl\\web dev\\fenix-26\\backend\\node_modules\\mongoose\\node_modules\\mongodb\\lib\\collection.js:154:16)","timestamp":"2026-09-14 19:47:41"}
{"level":"info","message":"Registration created: F26-2026-000004","service":"fenix-26-backend","timestamp":"2026-09-14 19:47:41"}
{"code":"DUPLICATE_REGISTRATION","level":"error","message":"Error 409: Registration already exists for this email","method":"POST","path":"/api/registrations","service":"fenix-26-backend","stack":"Error: Registration already exists for this email\n    at createRegistration (file:///C:/Users/charl/web%20dev/fenix-26/backend/src/controllers/registrationController.js:21:13)\n    at process.processTicksAndRejections (node:internal/process/task_queues:104:5)","timestamp":"2026-09-14 19:47:41"}
{"level":"info","message":"Registration F26-2026-000004 added to Google Sheets","service":"fenix-26-backend","timestamp":"2026-09-14 19:47:42"}
{"level":"info","message":"SMTP server ready for messages","service":"fenix-26-backend","timestamp":"2026-09-14 19:47:45"}
{"code":"DUPLICATE_REGISTRATION","level":"error","message":"Error 409: Registration already exists for this email","method":"POST","path":"/api/registrations","service":"fenix-26-backend","stack":"Error: Registration already exists for this email\n    at createRegistration (file:///C:/Users/charl/web%20dev/fenix-26/backend/src/controllers/registrationController.js:21:13)\n    at process.processTicksAndRejections (node:internal/process/task_queues:104:5)","timestamp":"2026-09-14 19:47:49"}
{"code":"DUPLICATE_REGISTRATION","level":"error","message":"Error 409: Registration already exists for this email","method":"POST","path":"/api/registrations","service":"fenix-26-backend","stack":"Error: Registration already exists for this email\n    at createRegistration (file:///C:/Users/charl/web%20dev/fenix-26/backend/src/controllers/registrationController.js:21:13)\n    at process.processTicksAndRejections (node:internal/process/task_queues:104:5)","timestamp":"2026-09-14 19:47:50"}
{"code":"DUPLICATE_REGISTRATION","level":"error","message":"Error 409: Registration already exists for this email","method":"POST","path":"/api/registrations","service":"fenix-26-backend","stack":"Error: Registration already exists for this email\n    at createRegistration (file:///C:/Users/charl/web%20dev/fenix-26/backend/src/controllers/registrationController.js:21:13)\n    at process.processTicksAndRejections (node:internal/process/task_queues:104:5)","timestamp":"2026-09-14 19:47:50"}
{"code":"DUPLICATE_REGISTRATION","level":"error","message":"Error 409: Registration already exists for this email","method":"POST","path":"/api/registrations","service":"fenix-26-backend","stack":"Error: Registration already exists for this email\n    at createRegistration (file:///C:/Users/charl/web%20dev/fenix-26/backend/src/controllers/registrationController.js:21:13)\n    at process.processTicksAndRejections (node:internal/process/task_queues:104:5)","timestamp":"2026-09-14 19:47:50"}
{"code":"DUPLICATE_REGISTRATION","level":"error","message":"Error 409: Registration already exists for this email","method":"POST","path":"/api/registrations","service":"fenix-26-backend","stack":"Error: Registration already exists for this email\n    at createRegistration (file:///C:/Users/charl/web%20dev/fenix-26/backend/src/controllers/registrationController.js:21:13)\n    at process.processTicksAndRejections (node:internal/process/task_queues:104:5)","timestamp":"2026-09-14 19:47:50"}
{"code":"DUPLICATE_REGISTRATION","level":"error","message":"Error 409: Registration already exists for this email","method":"POST","path":"/api/registrations","service":"fenix-26-backend","stack":"Error: Registration already exists for this email\n    at createRegistration (file:///C:/Users/charl/web%20dev/fenix-26/backend/src/controllers/registrationController.js:21:13)\n    at process.processTicksAndRejections (node:internal/process/task_queues:104:5)","timestamp":"2026-09-14 19:47:50"}
{"code":"DUPLICATE_REGISTRATION","level":"error","message":"Error 409: Registration already exists for this email","method":"POST","path":"/api/registrations","service":"fenix-26-backend","stack":"Error: Registration already exists for this email\n    at createRegistration (file:///C:/Users/charl/web%20dev/fenix-26/backend/src/controllers/registrationController.js:21:13)\n    at process.processTicksAndRejections (node:internal/process/task_queues:104:5)","timestamp":"2026-09-14 19:47:50"}
{"code":"DUPLICATE_REGISTRATION","level":"error","message":"Error 409: Registration already exists for this email","method":"POST","path":"/api/registrations","service":"fenix-26-backend","stack":"Error: Registration already exists for this email\n    at createRegistration (file:///C:/Users/charl/web%20dev/fenix-26/backend/src/controllers/registrationController.js:21:13)\n    at process.processTicksAndRejections (node:internal/process/task_queues:104:5)","timestamp":"2026-09-14 19:47:51"}
{"code":"DUPLICATE_REGISTRATION","level":"error","message":"Error 409: Registration already exists for this email","method":"POST","path":"/api/registrations","service":"fenix-26-backend","stack":"Error: Registration already exists for this email\n    at createRegistration (file:///C:/Users/charl/web%20dev/fenix-26/backend/src/controllers/registrationController.js:21:13)\n    at process.processTicksAndRejections (node:internal/process/task_queues:104:5)","timestamp":"2026-09-14 19:47:51"}
{"code":"DUPLICATE_REGISTRATION","level":"error","message":"Error 409: Registration already exists for this email","method":"POST","path":"/api/registrations","service":"fenix-26-backend","stack":"Error: Registration already exists for this email\n    at createRegistration (file:///C:/Users/charl/web%20dev/fenix-26/backend/src/controllers/registrationController.js:21:13)\n    at process.processTicksAndRejections (node:internal/process/task_queues:104:5)","timestamp":"2026-09-14 19:47:51"}
{"code":"DUPLICATE_REGISTRATION","level":"error","message":"Error 409: Registration already exists for this email","method":"POST","path":"/api/registrations","service":"fenix-26-backend","stack":"Error: Registration already exists for this email\n    at createRegistration (file:///C:/Users/charl/web%20dev/fenix-26/backend/src/controllers/registrationController.js:21:13)\n    at process.processTicksAndRejections (node:internal/process/task_queues:104:5)","timestamp":"2026-09-14 19:47:51"}
{"code":"DUPLICATE_REGISTRATION","level":"error","message":"Error 409: Registration already exists for this email","method":"POST","path":"/api/registrations","service":"fenix-26-backend","stack":"Error: Registration already exists for this email\n    at createRegistration (file:///C:/Users/charl/web%20dev/fenix-26/backend/src/controllers/registrationController.js:21:13)\n    at process.processTicksAndRejections (node:internal/process/task_queues:104:5)","timestamp":"2026-09-14 19:47:52"}
{"code":"DUPLICATE_REGISTRATION","level":"error","message":"Error 409: Registration already exists for this email","method":"POST","path":"/api/registrations","service":"fenix-26-backend","stack":"Error: Registration already exists for this email\n    at createRegistration (file:///C:/Users/charl/web%20dev/fenix-26/backend/src/controllers/registrationController.js:21:13)\n    at process.processTicksAndRejections (node:internal/process/task_queues:104:5)","timestamp":"2026-09-14 19:47:52"}
{"code":"DUPLICATE_REGISTRATION","level":"error","message":"Error 409: Registration already exists for this email","method":"POST","path":"/api/registrations","service":"fenix-26-backend","stack":"Error: Registration already exists for this email\n    at createRegistration (file:///C:/Users/charl/web%20dev/fenix-26/backend/src/controllers/registrationController.js:21:13)\n    at process.processTicksAndRejections (node:internal/process/task_queues:104:5)","timestamp":"2026-09-14 19:47:52"}
{"code":"DUPLICATE_REGISTRATION","level":"error","message":"Error 409: Registration already exists for this email","method":"POST","path":"/api/registrations","service":"fenix-26-backend","stack":"Error: Registration already exists for this email\n    at createRegistration (file:///C:/Users/charl/web%20dev/fenix-26/backend/src/controllers/registrationController.js:21:13)\n    at process.processTicksAndRejections (node:internal/process/task_queues:104:5)","timestamp":"2026-09-14 19:47:52"}
{"code":"DUPLICATE_REGISTRATION","level":"error","message":"Error 409: Registration already exists for this email","method":"POST","path":"/api/registrations","service":"fenix-26-backend","stack":"Error: Registration already exists for this email\n    at createRegistration (file:///C:/Users/charl/web%20dev/fenix-26/backend/src/controllers/registrationController.js:21:13)\n    at process.processTicksAndRejections (node:internal/process/task_queues:104:5)","timestamp":"2026-09-14 19:47:52"}
{"code":"DUPLICATE_REGISTRATION","level":"error","message":"Error 409: Registration already exists for this email","method":"POST","path":"/api/registrations","service":"fenix-26-backend","stack":"Error: Registration already exists for this email\n    at createRegistration (file:///C:/Users/charl/web%20dev/fenix-26/backend/src/controllers/registrationController.js:21:13)\n    at process.processTicksAndRejections (node:internal/process/task_queues:104:5)","timestamp":"2026-09-14 19:47:53"}
{"code":"DUPLICATE_REGISTRATION","level":"error","message":"Error 409: Registration already exists for this email","method":"POST","path":"/api/registrations","service":"fenix-26-backend","stack":"Error: Registration already exists for this email\n    at createRegistration (file:///C:/Users/charl/web%20dev/fenix-26/backend/src/controllers/registrationController.js:21:13)\n    at process.processTicksAndRejections (node:internal/process/task_queues:104:5)","timestamp":"2026-09-14 19:47:54"}
{"code":"DUPLICATE_REGISTRATION","level":"error","message":"Error 409: Registration already exists for this email","method":"POST","path":"/api/registrations","service":"fenix-26-backend","stack":"Error: Registration already exists for this email\n    at createRegistration (file:///C:/Users/charl/web%20dev/fenix-26/backend/src/controllers/registrationController.js:21:13)\n    at process.processTicksAndRejections (node:internal/process/task_queues:104:5)","timestamp":"2026-09-14 19:47:54"}
{"level":"info","message":"Email sent to charlinashini@gmail.com: <991742da-90a3-939a-1179-5134b506b73e@gmail.com>","service":"fenix-26-backend","timestamp":"2026-09-14 19:47:57"}
{"level":"info","message":"Admin notification email sent to charlinashini@gmail.com","service":"fenix-26-backend","timestamp":"2026-09-14 19:47:57"}
{"level":"info","message":"Screenshot uploaded to Cloudinary: fenix26/payments/payment-screenshot-F26-2026-000004-1789395981696-2oenzc for F26-2026-000004","service":"fenix-26-backend","timestamp":"2026-09-14 19:56:25"}
{"level":"info","message":"Payment screenshot uploaded for F26-2026-000004, status=PENDING_VERIFICATION","service":"fenix-26-backend","timestamp":"2026-09-14 19:56:25"}
{"level":"info","message":"Registration F26-2026-000004 updated in Google Sheets","service":"fenix-26-backend","timestamp":"2026-09-14 19:56:27"}
{"level":"info","message":"Email sent to charlinashini@gmail.com: <70bd8022-f1f7-9f90-ef3e-f650fb22cd7b@gmail.com>","service":"fenix-26-backend","timestamp":"2026-09-14 19:56:32"}
{"level":"info","message":"Payment verification email sent to charlinashini@gmail.com for F26-2026-000004","service":"fenix-26-backend","timestamp":"2026-09-14 19:56:32"}
{"level":"warn","message":"Validation failed: Invalid events: ipl-auction, free-fire","service":"fenix-26-backend","timestamp":"2026-09-14 20:05:50"}
{"level":"warn","message":"Validation failed: Invalid events: ipl-auction, free-fire","service":"fenix-26-backend","timestamp":"2026-09-14 20:05:52"}
{"level":"warn","message":"Validation failed: Invalid events: ipl-auction, free-fire","service":"fenix-26-backend","timestamp":"2026-09-14 20:05:58"}
{"level":"warn","message":"Validation failed: Invalid events: ipl-auction, free-fire","service":"fenix-26-backend","timestamp":"2026-09-14 20:05:59"}
{"level":"warn","message":"Validation failed: Invalid events: ipl-auction, free-fire","service":"fenix-26-backend","timestamp":"2026-09-14 20:05:59"}
{"level":"warn","message":"Validation failed: Invalid events: ipl-auction, free-fire","service":"fenix-26-backend","timestamp":"2026-09-14 20:05:59"}
{"level":"warn","message":"Validation failed: Invalid events: ipl-auction, free-fire","service":"fenix-26-backend","timestamp":"2026-09-14 20:05:59"}
{"level":"warn","message":"Validation failed: Invalid events: ipl-auction, free-fire","service":"fenix-26-backend","timestamp":"2026-09-14 20:05:59"}
{"level":"warn","message":"Validation failed: Invalid events: ipl-auction, free-fire","service":"fenix-26-backend","timestamp":"2026-09-14 20:05:59"}
{"level":"warn","message":"Validation failed: Invalid events: ipl-auction, free-fire","service":"fenix-26-backend","timestamp":"2026-09-14 20:06:00"}
{"level":"warn","message":"Validation failed: Invalid events: ipl-auction, free-fire","service":"fenix-26-backend","timestamp":"2026-09-14 20:06:00"}
{"level":"warn","message":"Validation failed: Invalid events: ipl-auction, free-fire","service":"fenix-26-backend","timestamp":"2026-09-14 20:06:00"}
{"level":"warn","message":"Validation failed: Invalid events: ipl-auction, free-fire","service":"fenix-26-backend","timestamp":"2026-09-14 20:06:00"}
{"level":"warn","message":"Validation failed: Invalid events: ipl-auction, free-fire","service":"fenix-26-backend","timestamp":"2026-09-14 20:06:00"}
{"level":"warn","message":"Validation failed: Invalid events: ipl-auction, free-fire","service":"fenix-26-backend","timestamp":"2026-09-14 20:06:00"}
{"level":"warn","message":"Validation failed: Invalid events: ipl-auction, free-fire","service":"fenix-26-backend","timestamp":"2026-09-14 20:06:01"}
{"level":"warn","message":"Validation failed: Invalid events: ipl-auction, free-fire","service":"fenix-26-backend","timestamp":"2026-09-14 20:06:01"}
{"level":"warn","message":"Validation failed: Invalid events: ipl-auction, free-fire","service":"fenix-26-backend","timestamp":"2026-09-14 20:06:01"}
{"level":"warn","message":"Validation failed: Invalid events: ipl-auction, free-fire","service":"fenix-26-backend","timestamp":"2026-09-14 20:06:02"}
{"level":"warn","message":"Validation failed: Invalid events: ipl-auction, free-fire","service":"fenix-26-backend","timestamp":"2026-09-14 20:06:03"}
{"level":"warn","message":"Validation failed: Invalid events: ipl-auction, free-fire","service":"fenix-26-backend","timestamp":"2026-09-14 20:06:03"}
{"level":"warn","message":"Validation failed: Invalid events: ipl-auction, free-fire","service":"fenix-26-backend","timestamp":"2026-09-14 20:06:03"}
{"level":"info","message":"SIGINT received. Shutting down gracefully...","service":"fenix-26-backend","timestamp":"2026-09-14 20:06:34"}
{"level":"info","message":"MongoDB connected: localhost:27017","service":"fenix-26-backend","timestamp":"2026-09-14 20:06:43"}
{"level":"info","message":"Initializing Google Sheets...","service":"fenix-26-backend","timestamp":"2026-09-14 20:06:43"}
{"level":"info","message":"\"Registrations\" sheet already exists","service":"fenix-26-backend","timestamp":"2026-09-14 20:06:46"}
{"level":"info","message":"FENIX26 Backend running on port 5000 (development)","service":"fenix-26-backend","timestamp":"2026-09-14 20:06:46"}
{"level":"warn","message":"Validation failed: Invalid events: ipl-auction","service":"fenix-26-backend","timestamp":"2026-09-14 20:07:39"}
{"level":"warn","message":"Validation failed: Invalid events: ipl-auction","service":"fenix-26-backend","timestamp":"2026-09-14 20:07:45"}
{"level":"warn","message":"Validation failed: Invalid events: ipl-auction, free-fire","service":"fenix-26-backend","timestamp":"2026-09-14 20:07:48"}
{"level":"warn","message":"Validation failed: Invalid events: ipl-auction, free-fire","service":"fenix-26-backend","timestamp":"2026-09-14 20:07:56"}
{"level":"info","message":"SIGINT received. Shutting down gracefully...","service":"fenix-26-backend","timestamp":"2026-09-14 20:13:23"}
{"level":"info","message":"MongoDB connected: localhost:27017","service":"fenix-26-backend","timestamp":"2026-09-14 20:13:28"}
{"level":"info","message":"Initializing Google Sheets...","service":"fenix-26-backend","timestamp":"2026-09-14 20:13:28"}
{"level":"info","message":"\"Registrations\" sheet already exists","service":"fenix-26-backend","timestamp":"2026-09-14 20:13:30"}
{"level":"info","message":"FENIX26 Backend running on port 5000 (development)","service":"fenix-26-backend","timestamp":"2026-09-14 20:13:30"}
{"code":11000,"level":"error","message":"Error 500: Internal server error","method":"POST","path":"/api/registrations","service":"fenix-26-backend","stack":"MongoServerError: E11000 duplicate key error collection: fenix26.registrations index: registrationId_1 dup key: { registrationId: \"F26-2026-000001\" }\n    at InsertOneOperation.handleOk (C:\\Users\\charl\\web dev\\fenix-26\\backend\\node_modules\\mongoose\\node_modules\\mongodb\\lib\\operations\\insert.js:51:19)\n    at tryOperation (C:\\Users\\charl\\web dev\\fenix-26\\backend\\node_modules\\mongoose\\node_modules\\mongodb\\lib\\operations\\execute_operation.js:214:34)\n    at process.processTicksAndRejections (node:internal/process/task_queues:104:5)\n    at async executeOperation (C:\\Users\\charl\\web dev\\fenix-26\\backend\\node_modules\\mongoose\\node_modules\\mongodb\\lib\\operations\\execute_operation.js:78:16)\n    at async Collection.insertOne (C:\\Users\\charl\\web dev\\fenix-26\\backend\\node_modules\\mongoose\\node_modules\\mongodb\\lib\\collection.js:154:16)","timestamp":"2026-09-14 20:14:03"}
{"level":"info","message":"MongoDB connected: localhost:27017","service":"fenix-26-backend","timestamp":"2026-09-14 20:15:18"}
{"level":"info","message":"Initializing Google Sheets...","service":"fenix-26-backend","timestamp":"2026-09-14 20:15:18"}
{"level":"info","message":"\"Registrations\" sheet already exists","service":"fenix-26-backend","timestamp":"2026-09-14 20:15:20"}
{"level":"info","message":"FENIX26 Backend running on port 5000 (development)","service":"fenix-26-backend","timestamp":"2026-09-14 20:15:20"}
{"level":"info","message":"MongoDB connected: localhost:27017","service":"fenix-26-backend","timestamp":"2026-09-14 20:15:35"}
{"level":"info","message":"Initializing Google Sheets...","service":"fenix-26-backend","timestamp":"2026-09-14 20:15:35"}
{"level":"info","message":"\"Registrations\" sheet already exists","service":"fenix-26-backend","timestamp":"2026-09-14 20:15:36"}
{"level":"info","message":"FENIX26 Backend running on port 5000 (development)","service":"fenix-26-backend","timestamp":"2026-09-14 20:15:36"}
{"level":"info","message":"Registration created: F26-2026-000005","service":"fenix-26-backend","timestamp":"2026-09-14 20:15:56"}
{"level":"info","message":"Registration F26-2026-000005 added to Google Sheets","service":"fenix-26-backend","timestamp":"2026-09-14 20:15:56"}
{"level":"info","message":"SMTP server ready for messages","service":"fenix-26-backend","timestamp":"2026-09-14 20:15:58"}
{"level":"info","message":"Email sent to charlinashini@gmail.com: <dd62da5a-9da8-dc3f-fcc1-e843cc09c342@gmail.com>","service":"fenix-26-backend","timestamp":"2026-09-14 20:16:00"}
{"level":"info","message":"Admin notification email sent to charlinashini@gmail.com","service":"fenix-26-backend","timestamp":"2026-09-14 20:16:00"}
{"level":"info","message":"Screenshot uploaded to Cloudinary: fenix26/payments/payment-screenshot-F26-2026-000005-1789397171005-q8rlv7 for F26-2026-000005","service":"fenix-26-backend","timestamp":"2026-09-14 20:16:14"}
{"level":"info","message":"Payment screenshot uploaded for F26-2026-000005, status=PENDING_VERIFICATION","service":"fenix-26-backend","timestamp":"2026-09-14 20:16:14"}
{"level":"info","message":"Registration F26-2026-000005 updated in Google Sheets","service":"fenix-26-backend","timestamp":"2026-09-14 20:16:15"}
{"level":"info","message":"Email sent to charlinashini@gmail.com: <69c21ca4-1ae9-5cda-4b73-533a595d4773@gmail.com>","service":"fenix-26-backend","timestamp":"2026-09-14 20:16:22"}
{"level":"info","message":"Payment verification email sent to charlinashini@gmail.com for F26-2026-000005","service":"fenix-26-backend","timestamp":"2026-09-14 20:16:22"}
{"level":"info","message":"Registration created: F26-2026-000006","service":"fenix-26-backend","timestamp":"2026-09-14 20:17:17"}
{"level":"info","message":"Registration F26-2026-000006 added to Google Sheets","service":"fenix-26-backend","timestamp":"2026-09-14 20:17:18"}
{"level":"info","message":"Email sent to charlinashini@gmail.com: <e0ffd298-50db-3b78-d851-a211dcd5c593@gmail.com>","service":"fenix-26-backend","timestamp":"2026-09-14 20:17:23"}
{"level":"info","message":"Admin notification email sent to charlinashini@gmail.com","service":"fenix-26-backend","timestamp":"2026-09-14 20:17:23"}
{"level":"info","message":"Screenshot uploaded to Cloudinary: fenix26/payments/payment-screenshot-F26-2026-000006-1789397252117-584xag for F26-2026-000006","service":"fenix-26-backend","timestamp":"2026-09-14 20:17:39"}
{"level":"info","message":"Payment screenshot uploaded for F26-2026-000006, status=PENDING_VERIFICATION","service":"fenix-26-backend","timestamp":"2026-09-14 20:17:39"}
{"level":"info","message":"Registration F26-2026-000006 updated in Google Sheets","service":"fenix-26-backend","timestamp":"2026-09-14 20:17:40"}
{"level":"info","message":"Email sent to charlinashini@gmail.com: <f74f10cb-b204-a484-089b-ccd8a0c93772@gmail.com>","service":"fenix-26-backend","timestamp":"2026-09-14 20:17:44"}
{"level":"info","message":"Payment verification email sent to charlinashini@gmail.com for F26-2026-000006","service":"fenix-26-backend","timestamp":"2026-09-14 20:17:44"}
{"level":"info","message":"Registration created: F26-2026-000007","service":"fenix-26-backend","timestamp":"2026-09-14 21:07:44"}
{"level":"info","message":"Registration F26-2026-000007 added to Google Sheets","service":"fenix-26-backend","timestamp":"2026-09-14 21:07:45"}
{"level":"info","message":"Email sent to charlinashini@gmail.com: <ee2cc46b-0fdc-7e32-689e-71775457d441@gmail.com>","service":"fenix-26-backend","timestamp":"2026-09-14 21:07:50"}
{"level":"info","message":"Admin notification email sent to charlinashini@gmail.com","service":"fenix-26-backend","timestamp":"2026-09-14 21:07:50"}
{"level":"info","message":"MongoDB connected: localhost:27017","service":"fenix-26-backend","timestamp":"2026-09-15 23:26:16"}
{"level":"info","message":"Initializing Google Sheets...","service":"fenix-26-backend","timestamp":"2026-09-15 23:26:16"}
{"level":"error","message":"Google Sheets initialization error: request to https://www.googleapis.com/oauth2/v4/token failed, reason: getaddrinfo ENOTFOUND www.googleapis.com","service":"fenix-26-backend","timestamp":"2026-09-15 23:26:17"}
{"level":"info","message":"MongoDB connected: localhost:27017","service":"fenix-26-backend","timestamp":"2026-09-15 23:27:10"}
{"level":"info","message":"Initializing Google Sheets...","service":"fenix-26-backend","timestamp":"2026-09-15 23:27:10"}
{"level":"error","message":"Google Sheets initialization error: request to https://www.googleapis.com/oauth2/v4/token failed, reason: getaddrinfo ENOTFOUND www.googleapis.com","service":"fenix-26-backend","timestamp":"2026-09-15 23:27:11"}
{"level":"warn","message":"Google Sheets initialization skipped: request to https://www.googleapis.com/oauth2/v4/token failed, reason: getaddrinfo ENOTFOUND www.googleapis.com","service":"fenix-26-backend","timestamp":"2026-09-15 23:27:11"}
{"level":"info","message":"FENIX26 Backend running on port 5000 (development)","service":"fenix-26-backend","timestamp":"2026-09-15 23:27:11"}
{"level":"info","message":"MongoDB connected: localhost:27017","service":"fenix-26-backend","timestamp":"2026-09-18 00:10:27"}
{"level":"info","message":"FENIX26 Backend running on port 5000 (development)","service":"fenix-26-backend","timestamp":"2026-09-18 00:10:27"}
{"level":"info","message":"Registration created: F26-2026-000008","service":"fenix-26-backend","timestamp":"2026-09-18 00:12:14"}
{"level":"info","message":"Screenshot uploaded to Cloudinary: fenix26/payments/payment-screenshot-F26-2026-000008-1789670591933-33mi08 for F26-2026-000008","service":"fenix-26-backend","timestamp":"2026-09-18 00:13:15"}
{"level":"info","message":"Payment screenshot uploaded for F26-2026-000008, status=PENDING_VERIFICATION","service":"fenix-26-backend","timestamp":"2026-09-18 00:13:15"}
{"level":"info","message":"SMTP server ready for messages","service":"fenix-26-backend","timestamp":"2026-09-18 00:13:17"}
{"level":"info","message":"Email sent to lutjan26@gmail.com: <06215d52-990d-7fd0-fa19-d2de177b0b76@gmail.com>","service":"fenix-26-backend","timestamp":"2026-09-18 00:13:20"}
{"level":"info","message":"Pending registration email sent to lutjan26@gmail.com","service":"fenix-26-backend","timestamp":"2026-09-18 00:13:20"}
{"level":"info","message":"Email sent to charlinashini@gmail.com: <fc2f0029-99f1-eabb-63a0-584e1e85643b@gmail.com>","service":"fenix-26-backend","timestamp":"2026-09-18 00:13:24"}
{"level":"info","message":"Admin notification email sent to charlinashini@gmail.com","service":"fenix-26-backend","timestamp":"2026-09-18 00:13:24"}
{"level":"info","message":"Payment verified for F26-2026-000008","service":"fenix-26-backend","timestamp":"2026-09-18 00:14:59"}
{"level":"info","message":"Email sent to lutjan26@gmail.com: <ad801720-2082-2c15-0ef5-6a6d2045bae5@gmail.com>","service":"fenix-26-backend","timestamp":"2026-09-18 00:15:04"}
{"level":"info","message":"Confirmation email sent to lutjan26@gmail.com","service":"fenix-26-backend","timestamp":"2026-09-18 00:15:04"}
{"level":"info","message":"MongoDB connected: localhost:27017","service":"fenix-26-backend","timestamp":"2026-09-18 00:20:19"}
{"level":"info","message":"FENIX26 Backend running on port 5000 (development)","service":"fenix-26-backend","timestamp":"2026-09-18 00:20:19"}
{"level":"info","message":"MongoDB connected: localhost:27017","service":"fenix-26-backend","timestamp":"2026-09-18 00:20:27"}
{"level":"info","message":"FENIX26 Backend running on port 5000 (development)","service":"fenix-26-backend","timestamp":"2026-09-18 00:20:28"}
{"level":"info","message":"MongoDB connected: localhost:27017","service":"fenix-26-backend","timestamp":"2026-09-18 00:21:44"}
{"level":"info","message":"FENIX26 Backend running on port 5000 (development)","service":"fenix-26-backend","timestamp":"2026-09-18 00:21:44"}
{"level":"warn","message":"Validation failed: Invalid value","service":"fenix-26-backend","timestamp":"2026-09-18 00:23:37"}
{"level":"warn","message":"Validation failed: Invalid value","service":"fenix-26-backend","timestamp":"2026-09-18 00:23:40"}
{"level":"warn","message":"Validation failed: Invalid value","service":"fenix-26-backend","timestamp":"2026-09-18 00:23:41"}
{"level":"warn","message":"Validation failed: Invalid value","service":"fenix-26-backend","timestamp":"2026-09-18 00:23:42"}
{"level":"warn","message":"Validation failed: Invalid value","service":"fenix-26-backend","timestamp":"2026-09-18 00:23:45"}
{"level":"warn","message":"Validation failed: Invalid value","service":"fenix-26-backend","timestamp":"2026-09-18 00:23:46"}
{"level":"warn","message":"Validation failed: Invalid value","service":"fenix-26-backend","timestamp":"2026-09-18 00:23:47"}
{"level":"warn","message":"Validation failed: Invalid value","service":"fenix-26-backend","timestamp":"2026-09-18 00:23:48"}
{"level":"warn","message":"Validation failed: Invalid value","service":"fenix-26-backend","timestamp":"2026-09-18 00:23:55"}
{"level":"info","message":"MongoDB connected: localhost:27017","service":"fenix-26-backend","timestamp":"2026-09-18 00:26:45"}
{"level":"info","message":"FENIX26 Backend running on port 5000 (development)","service":"fenix-26-backend","timestamp":"2026-09-18 00:26:45"}
{"level":"warn","message":"Validation failed: selectedEvents: Invalid events: not-a-real-event","service":"fenix-26-backend","timestamp":"2026-09-18 00:27:03"}
{"level":"info","message":"SIGINT received. Shutting down gracefully...","service":"fenix-26-backend","timestamp":"2026-09-18 00:28:16"}
{"level":"info","message":"MongoDB connected: localhost:27017","service":"fenix-26-backend","timestamp":"2026-09-18 00:28:22"}
{"level":"info","message":"FENIX26 Backend running on port 5000 (development)","service":"fenix-26-backend","timestamp":"2026-09-18 00:28:22"}
{"level":"info","message":"Registration created: F26-2026-000009","service":"fenix-26-backend","timestamp":"2026-09-18 00:28:58"}
{"code":"DUPLICATE_REGISTRATION","level":"error","message":"Error 409: Registration already exists for this email","method":"POST","path":"/api/registrations","service":"fenix-26-backend","stack":"Error: Registration already exists for this email\n    at createRegistration (file:///C:/Users/charl/web%20dev/fenix-26/backend/src/controllers/registrationController.js:22:13)\n    at process.processTicksAndRejections (node:internal/process/task_queues:104:5)","timestamp":"2026-09-18 00:29:33"}
{"code":"DUPLICATE_REGISTRATION","level":"error","message":"Error 409: Registration already exists for this email","method":"POST","path":"/api/registrations","service":"fenix-26-backend","stack":"Error: Registration already exists for this email\n    at createRegistration (file:///C:/Users/charl/web%20dev/fenix-26/backend/src/controllers/registrationController.js:22:13)\n    at process.processTicksAndRejections (node:internal/process/task_queues:104:5)","timestamp":"2026-09-18 00:29:34"}
{"level":"info","message":"Registration created: F26-2026-000010","service":"fenix-26-backend","timestamp":"2026-09-18 00:29:46"}
{"code":"DUPLICATE_REGISTRATION","level":"error","message":"Error 409: Registration already exists for this email","method":"POST","path":"/api/registrations","service":"fenix-26-backend","stack":"Error: Registration already exists for this email\n    at createRegistration (file:///C:/Users/charl/web%20dev/fenix-26/backend/src/controllers/registrationController.js:22:13)\n    at process.processTicksAndRejections (node:internal/process/task_queues:104:5)","timestamp":"2026-09-18 00:29:52"}
{"level":"info","message":"Registration created: F26-2026-000011","service":"fenix-26-backend","timestamp":"2026-09-18 00:30:10"}
{"level":"info","message":"MongoDB connected: localhost:27017","service":"fenix-26-backend","timestamp":"2026-09-18 00:43:59"}
{"level":"info","message":"FENIX26 Backend running on port 5000 (development)","service":"fenix-26-backend","timestamp":"2026-09-18 00:43:59"}
{"level":"info","message":"MongoDB connected: localhost:27017","service":"fenix-26-backend","timestamp":"2026-09-18 10:52:21"}
{"level":"info","message":"FENIX26 Backend running on port 5000 (development)","service":"fenix-26-backend","timestamp":"2026-09-18 10:52:21"}
{"level":"info","message":"MongoDB connected: localhost:27017","service":"fenix-26-backend","timestamp":"2026-09-18 11:00:00"}
{"level":"info","message":"MongoDB connected: localhost:27017","service":"fenix-26-backend","timestamp":"2026-09-18 22:42:25"}
{"level":"info","message":"FENIX26 Backend running on port 5000 (development)","service":"fenix-26-backend","timestamp":"2026-09-18 22:42:25"}
{"level":"info","message":"Registration created: F26-2026-000012","service":"fenix-26-backend","timestamp":"2026-09-18 22:46:25"}
{"code":"DUPLICATE_REGISTRATION","level":"error","message":"Error 409: Registration already exists for this email","method":"POST","path":"/api/registrations","service":"fenix-26-backend","stack":"Error: Registration already exists for this email\n    at createRegistration (file:///C:/Users/charl/web%20dev/fenix-26/backend/src/controllers/registrationController.js:22:13)\n    at process.processTicksAndRejections (node:internal/process/task_queues:104:5)","timestamp":"2026-09-18 22:48:18"}
{"level":"info","message":"Registration created: F26-2026-000013","service":"fenix-26-backend","timestamp":"2026-09-18 22:48:45"}
{"level":"info","message":"Screenshot uploaded to Cloudinary: fenix26/payments/payment-screenshot-F26-2026-000013-1789751976197-rigwil for F26-2026-000013","service":"fenix-26-backend","timestamp":"2026-09-18 22:49:48"}
{"level":"info","message":"Payment screenshot uploaded for F26-2026-000013, status=PENDING_VERIFICATION","service":"fenix-26-backend","timestamp":"2026-09-18 22:49:48"}
{"level":"info","message":"SMTP server ready for messages","service":"fenix-26-backend","timestamp":"2026-09-18 22:49:51"}
{"level":"info","message":"Email sent to aruljasminedcse@gmail.com: <7ebe7b64-efea-d276-2637-f52bbe4af70f@gmail.com>","service":"fenix-26-backend","timestamp":"2026-09-18 22:49:52"}
{"level":"info","message":"Pending registration email sent to aruljasminedcse@gmail.com","service":"fenix-26-backend","timestamp":"2026-09-18 22:49:52"}
{"level":"info","message":"Email sent to charlinashini@gmail.com: <cb001b48-2e20-05fb-9836-3d475ebad27c@gmail.com>","service":"fenix-26-backend","timestamp":"2026-09-18 22:49:56"}
{"level":"info","message":"Admin notification email sent to charlinashini@gmail.com","service":"fenix-26-backend","timestamp":"2026-09-18 22:49:56"}
{"level":"info","message":"Payment verified for F26-2026-000013","service":"fenix-26-backend","timestamp":"2026-09-18 22:53:08"}
{"level":"warn","message":"Payment already verified for F26-2026-000013","service":"fenix-26-backend","timestamp":"2026-09-18 22:53:11"}
{"level":"warn","message":"Payment already verified for F26-2026-000013","service":"fenix-26-backend","timestamp":"2026-09-18 22:53:12"}
{"level":"info","message":"Email sent to aruljasminedcse@gmail.com: <d3edd04d-8a79-fe8d-ecbd-7f4727766155@gmail.com>","service":"fenix-26-backend","timestamp":"2026-09-18 22:53:12"}
{"level":"info","message":"Confirmation email sent to aruljasminedcse@gmail.com","service":"fenix-26-backend","timestamp":"2026-09-18 22:53:12"}
{"level":"info","message":"Email sent to aruljasminedcse@gmail.com: <8611668c-0868-d863-f94d-91fef8fe5945@gmail.com>","service":"fenix-26-backend","timestamp":"2026-09-18 22:53:15"}
{"level":"info","message":"Confirmation email sent to aruljasminedcse@gmail.com","service":"fenix-26-backend","timestamp":"2026-09-18 22:53:15"}
{"level":"info","message":"Email sent to aruljasminedcse@gmail.com: <1d142d91-9d9c-7c97-b1f9-e1a92d15717b@gmail.com>","service":"fenix-26-backend","timestamp":"2026-09-18 22:53:16"}
{"level":"info","message":"Confirmation email sent to aruljasminedcse@gmail.com","service":"fenix-26-backend","timestamp":"2026-09-18 22:53:16"}
{"level":"info","message":"MongoDB connected: localhost:27017","service":"fenix-26-backend","timestamp":"2026-09-22 20:45:35"}
{"level":"info","message":"FENIX26 Backend running on port 5000 (development)","service":"fenix-26-backend","timestamp":"2026-09-22 20:45:35"}
{"level":"info","message":"Registration created: F26-2026-000014","service":"fenix-26-backend","timestamp":"2026-09-22 20:47:36"}
{"level":"error","message":"Cloudinary upload error: Request Timeout","service":"fenix-26-backend","timestamp":"2026-09-22 20:51:26"}
{"code":"UPLOAD_FAILED","level":"error","message":"Error 503: Failed to upload screenshot","method":"POST","path":"/api/registrations/F26-2026-000014/payment-screenshot","service":"fenix-26-backend","stack":"Error: Failed to upload screenshot\n    at uploadPaymentScreenshot (file:///C:/Users/charl/web%20dev/fenix-26/backend/src/controllers/registrationController.js:127:13)","timestamp":"2026-09-22 20:51:26"}
{"level":"error","message":"Cloudinary upload error: Request Timeout","service":"fenix-26-backend","timestamp":"2026-09-22 20:51:38"}
{"code":"UPLOAD_FAILED","level":"error","message":"Error 503: Failed to upload screenshot","method":"POST","path":"/api/registrations/F26-2026-000014/payment-screenshot","service":"fenix-26-backend","stack":"Error: Failed to upload screenshot\n    at uploadPaymentScreenshot (file:///C:/Users/charl/web%20dev/fenix-26/backend/src/controllers/registrationController.js:127:13)","timestamp":"2026-09-22 20:51:38"}
{"level":"error","message":"Cloudinary upload error: Request Timeout","service":"fenix-26-backend","timestamp":"2026-09-22 20:51:58"}
{"code":"UPLOAD_FAILED","level":"error","message":"Error 503: Failed to upload screenshot","method":"POST","path":"/api/registrations/F26-2026-000014/payment-screenshot","service":"fenix-26-backend","stack":"Error: Failed to upload screenshot\n    at uploadPaymentScreenshot (file:///C:/Users/charl/web%20dev/fenix-26/backend/src/controllers/registrationController.js:127:13)","timestamp":"2026-09-22 20:51:58"}
{"level":"info","message":"MongoDB connected: localhost:27017","service":"fenix-26-backend","timestamp":"2026-09-22 22:05:50"}
{"level":"info","message":"FENIX26 Backend running on port 5000 (development)","service":"fenix-26-backend","timestamp":"2026-09-22 22:05:50"}
{"code":"DUPLICATE_REGISTRATION","level":"error","message":"Error 409: Registration already exists for this email","method":"POST","path":"/api/registrations","service":"fenix-26-backend","stack":"Error: Registration already exists for this email\n    at createRegistration (file:///C:/Users/charl/web%20dev/fenix-26/backend/src/controllers/registrationController.js:22:13)\n    at process.processTicksAndRejections (node:internal/process/task_queues:104:5)","timestamp":"2026-09-22 22:06:49"}
{"level":"info","message":"Registration created: F26-2026-000015","service":"fenix-26-backend","timestamp":"2026-09-22 22:07:12"}
{"level":"info","message":"Screenshot uploaded to Cloudinary: fenix26/payments/payment-screenshot-F26-2026-000015-1790095039841-69g95a for F26-2026-000015","service":"fenix-26-backend","timestamp":"2026-09-22 22:07:46"}
{"level":"info","message":"Payment screenshot uploaded for F26-2026-000015, status=PENDING_VERIFICATION","service":"fenix-26-backend","timestamp":"2026-09-22 22:07:46"}
{"level":"info","message":"SMTP server ready for messages","service":"fenix-26-backend","timestamp":"2026-09-22 22:07:50"}
{"level":"info","message":"Email sent to ashinicharlin@gmail.com: <8cb77a3a-3f60-753d-5074-07fbc817f033@gmail.com>","service":"fenix-26-backend","timestamp":"2026-09-22 22:07:52"}
{"level":"info","message":"Pending registration email sent to ashinicharlin@gmail.com","service":"fenix-26-backend","timestamp":"2026-09-22 22:07:52"}
{"level":"info","message":"Email sent to charlinashini@gmail.com: <ab61aed4-ca5e-e93b-1374-d047f4c0847a@gmail.com>","service":"fenix-26-backend","timestamp":"2026-09-22 22:07:58"}
{"level":"info","message":"Admin notification email sent to charlinashini@gmail.com","service":"fenix-26-backend","timestamp":"2026-09-22 22:07:58"}
{"level":"info","message":"Payment verified for F26-2026-000015","service":"fenix-26-backend","timestamp":"2026-09-22 22:08:50"}
{"level":"info","message":"Email sent to ashinicharlin@gmail.com: <3903c567-e147-9d84-e46c-1b05b7c6eff6@gmail.com>","service":"fenix-26-backend","timestamp":"2026-09-22 22:08:54"}
{"level":"info","message":"Confirmation email sent to ashinicharlin@gmail.com","service":"fenix-26-backend","timestamp":"2026-09-22 22:08:54"}
{"level":"info","message":"MongoDB connected: localhost:27017","service":"fenix-26-backend","timestamp":"2026-09-22 22:29:07"}
{"level":"info","message":"FENIX26 Backend running on port 5000 (development)","service":"fenix-26-backend","timestamp":"2026-09-22 22:29:07"}
{"level":"info","message":"MongoDB connected: localhost:27017","service":"fenix-26-backend","timestamp":"2026-09-22 22:47:52"}
{"level":"error","message":"Failed to start server: Cannot read properties of undefined (reading 'some')","service":"fenix-26-backend","timestamp":"2026-09-22 22:47:52"}
{"level":"info","message":"Registration created: F26-2026-000016","service":"fenix-26-backend","timestamp":"2026-09-22 22:50:50"}
{"level":"info","message":"MongoDB connected: localhost:27017","service":"fenix-26-backend","timestamp":"2026-09-22 23:14:33"}
{"level":"info","message":"FENIX26 Backend running on port 5000 (development)","service":"fenix-26-backend","timestamp":"2026-09-22 23:14:33"}
{"level":"info","message":"MongoDB connected: localhost:27017","service":"fenix-26-backend","timestamp":"2026-09-22 23:18:41"}
{"level":"info","message":"FENIX26 Backend running on port 5000 (development)","service":"fenix-26-backend","timestamp":"2026-09-22 23:18:41"}
{"level":"info","message":"MongoDB connected: localhost:27017","service":"fenix-26-backend","timestamp":"2026-09-22 23:25:25"}
{"level":"info","message":"FENIX26 Backend running on port 5000 (development)","service":"fenix-26-backend","timestamp":"2026-09-22 23:25:25"}
{"level":"info","message":"MongoDB connected: localhost:27017","service":"fenix-26-backend","timestamp":"2026-09-22 23:35:02"}
{"level":"info","message":"FENIX26 Backend running on port 5000 (development)","service":"fenix-26-backend","timestamp":"2026-09-22 23:35:02"}
{"level":"info","message":"Screenshot uploaded to Cloudinary: fenix26/workshop-payments/payment-screenshot-WS26-1E5E9412-1790102262274-8ifvsc for WS26-1E5E9412","service":"fenix-26-backend","timestamp":"2026-09-23 00:07:46"}
{"level":"info","message":"SMTP server ready for messages","service":"fenix-26-backend","timestamp":"2026-09-23 00:07:48"}
{"level":"info","message":"Email sent to ashinicharlin@gmail.com: <16113db8-55d3-93fa-8765-0dba5824130c@gmail.com>","service":"fenix-26-backend","timestamp":"2026-09-23 00:07:50"}
{"level":"info","message":"Email sent to charlinashini@gmail.com: <db5e0a0e-1fbf-04d5-cabe-5999ae034122@gmail.com>","service":"fenix-26-backend","timestamp":"2026-09-23 00:07:50"}
{"level":"info","message":"Workshop updated: ai-workshop","service":"fenix-26-backend","timestamp":"2026-09-23 00:09:09"}
{"level":"info","message":"Email sent to ashinicharlin@gmail.com: <77930230-1582-9341-0a8e-876bacc2ed93@gmail.com>","service":"fenix-26-backend","timestamp":"2026-09-23 00:09:27"}
{"level":"info","message":"Registration created: F26-2026-000017","service":"fenix-26-backend","timestamp":"2026-09-23 00:38:15"}
{"level":"info","message":"Screenshot uploaded to Cloudinary: fenix26/payments/payment-screenshot-F26-2026-000017-1790104107097-17f365 for F26-2026-000017","service":"fenix-26-backend","timestamp":"2026-09-23 00:38:37"}
{"level":"info","message":"Payment screenshot uploaded for F26-2026-000017, status=PENDING_VERIFICATION","service":"fenix-26-backend","timestamp":"2026-09-23 00:38:37"}
{"level":"info","message":"Email sent to santhoshiindhira@gmail.com: <ae22706e-d066-1dd4-c352-41d866ff7843@gmail.com>","service":"fenix-26-backend","timestamp":"2026-09-23 00:38:43"}
{"level":"info","message":"Pending registration email sent to santhoshiindhira@gmail.com","service":"fenix-26-backend","timestamp":"2026-09-23 00:38:43"}
{"level":"info","message":"Email sent to charlinashini@gmail.com: <dca2c2b6-cd5c-d90f-e0e6-06dede8f069c@gmail.com>","service":"fenix-26-backend","timestamp":"2026-09-23 00:38:48"}
{"level":"info","message":"Admin notification email sent to charlinashini@gmail.com","service":"fenix-26-backend","timestamp":"2026-09-23 00:38:48"}
{"level":"info","message":"Payment verified for F26-2026-000017","service":"fenix-26-backend","timestamp":"2026-09-23 00:43:36"}
{"level":"warn","message":"Payment already verified for F26-2026-000017","service":"fenix-26-backend","timestamp":"2026-09-23 00:43:37"}
{"level":"info","message":"Email sent to santhoshiindhira@gmail.com: <fb42bebd-bf32-a3d8-1b31-69840e937c9e@gmail.com>","service":"fenix-26-backend","timestamp":"2026-09-23 00:43:41"}
{"level":"info","message":"Confirmation email sent to santhoshiindhira@gmail.com","service":"fenix-26-backend","timestamp":"2026-09-23 00:43:41"}
{"level":"info","message":"Email sent to santhoshiindhira@gmail.com: <2f75bc7a-1f02-a32d-b479-f668fe27ce27@gmail.com>","service":"fenix-26-backend","timestamp":"2026-09-23 00:43:42"}
{"level":"info","message":"Confirmation email sent to santhoshiindhira@gmail.com","service":"fenix-26-backend","timestamp":"2026-09-23 00:43:42"}
{"level":"info","message":"SIGINT received. Shutting down gracefully...","service":"fenix-26-backend","timestamp":"2026-09-23 01:58:29"}
{"level":"info","message":"MongoDB connected: localhost:27017","service":"fenix-26-backend","timestamp":"2026-09-23 18:18:15"}
{"level":"info","message":"FENIX26 Backend running on port 5000 (development)","service":"fenix-26-backend","timestamp":"2026-09-23 18:18:15"}
{"level":"info","message":"MongoDB connected: localhost:27017","service":"fenix-26-backend","timestamp":"2026-09-23 20:44:56"}
{"level":"info","message":"FENIX26 Backend running on port 5000 (development)","service":"fenix-26-backend","timestamp":"2026-09-23 20:44:56"}
{"level":"info","message":"SIGINT received. Shutting down gracefully...","service":"fenix-26-backend","timestamp":"2026-09-23 21:11:14"}
